BusinessName,ZIP
# 7 RESTAURANT,2132
100 Percent Delicia Food,2131
100 Percent Delicias Express,2130
1000 Degrees Pizza,2108
125 Nashua St. Cafe (MGH),2114
129 Lake Street Cafe,2135
149 Eat Street,2129
163 Vietnamese Sandwich,2111
20TH CENTRY BOWLING LANES,2136
21 ST. AMENDMENT,2108
224 BOSTON,2125
2Twenty2,2114
320 Cafe,2132
49 Social,2111
7 Pond Coffee Bar,2130
73 Cafe,2108
75 CHESTNUT,2108
75 On Liberty Wharf,2210
753 South,2131
89 Broad Street/Fin Point,2110
89C Crepe & Ice Cream,2134
99 RESTAURANT AND PUB,2129
A & B Burgers,2114
A & N PIZZA,2132
A @ Time,2134
A K's Take Out & Delivery,2120
Abbott's Frozen Custard,2135
Abby Lane,2116
ABE & LOUIE'S,2116
ABIGAIL'S TEA ROOM @CONGRESS BRIDGE,2210
AC Hotel by Marriot,2118
AC Hotel by Marriott,2467
Acapulco Mexican Restaurant,2130
Aceituna,2110
Aceituna Grill,2210
Achilitos Taqueria,2130
Adams B & B,2115
Addis Red Sea,2116
AFC Sushi @ Emerson College,2116
AFC Sushi @ Shaws #1208,2128
AFC Sushi @ Walgreens #15390,2108
AFC Sushi @Liberty Mutual Ins.,2116
AFC SUSHI @SIMMONS COLLEGE,2115
AFC Sushi @Star Market #3577,2132
Air France Lounge,2128
AK's Takeout,2127
AL CAPONE,2110
AL DENTE RISTORANTE,2113
Aladdin @ Bunker Hill Comm. College,2129
Alcove,2114
ALEX PIZZA,2118
ALEX'S CHIMIS,2130
ALFREDO'S,2134
ALFREDO'S ITALIAN KITCHEN,2127
ALI ROTI RESTAURANT,2120
Alibi,2114
All Star Pizza Bar,2114
ALLIS ROTI + MEAT MARKET,2126
Allston Diner,2134
Aloft Seaport Hotel -Banquet Kitchen,2210
Aloft Seaport Hotel -Re Fuel Bar,2210
Aloft Seaport Hotel -WXYZ Bar,2210
Al's South St. Express,2111
AL'S STATE ST. CAFE,2109
Alumni 1,2135
Alumni 2,2135
Alumni 3,2135
Alumni 4,2135
Alumni 5,2135
Al-Wadi Restaurant,2132
Amateras,2111
AMC South Bay 12 (Concession),2125
AMC South Bay 12 (MacGuffins),2125
AMC Theatres Boston Common 19,2111
Amelia's Taqueria,2134
Amelia's Taqueria,2115
Amelia's Taqueria III,2135
American Airlines Club Boston,2128
Americano Espresso Bar,2128
America's Test Kitchen,2210
Ames Hotel Boston,2108
Amorino,2116
AMRHEIN'S,2127
AMSTERDAM CAFE,2127
AN TAIN,2110
ANCHOVIES RESTAURANT,2116
Ancient & Honorable Artillery Company,2109
Andalus Pizza & Cafe,2135
Andre's Cafe,2118
ANDREW SQUARE HOUSE OF PIZZA,2127
Angela's Cafe,2128
Angela's Cafe II,2128
Anh Hong Restaurant,2122
Anna Hand Cut Donuts,2132
Anna's Cafe,2129
Anna's Taqueria,2114
Anna's Taqueria,2199
Anoush Ella,2118
Anshur Restauruant,2119
Anthem,2109
ANTHONY'S CAFE,2109
ANTICO FORNO,2113
Antonios Bacaro,2136
Antonio's Hi-Fi,2122
ANTONIO'S ITALIANO CUCINA,2114
APPLEBEE'S NEIGHBORHOOD GRILL & BAR,2125
Appleton Cafe,2116
Aqua Pazza,2113
AQUITAINE,2118
Aramark @ BNY Mellon,2108
ARAMARK @ SULLIVAN & WORCESTER,2109
Arboretum Grill,2131
ARCHIE'S NEW YORK DELI,2110
Archie's Place,2108
Area 4 Restaurant,2118
Ariana Restaurant,2135
ARIS BARBEQUE,2109
Arizona B B Q,2119
Article 24,2135
ARTU,2113
ARTU,2114
Arya Trattoria,2113
ASAKI,2135
Ashburton Cafe,2114
ASHMONT GRILL,2124
Asia Wok,2134
Asia Wok,2134
ASIAN GARDEN RESTAURANT INC.,2111
Asian House,2129
Asian Thai Eatery,2136
Assaggio,2113
Assembly on 2,2110
Asta,2215
At Union,2134
Athan's European Bakery,2135
ATLANTIC FISH COMPANY,2116
ATRIUM CAFE/HARVARD MED.SCHOOL,2115
Au Bon Pain,2114
Au Bon Pain,2215
Au Bon Pain,2115
Au Bon Pain,2110
Au Bon Pain,2109
Au Bon Pain,2115
Au Bon Pain,2111
Au Bon Pain (Cambridge St.),2114
Au Bon Pain Store # 41,2199
Au Bon Pain Store # 44,2110
Au Bon Pain Store 511,2110
Audubon,2215
AUNTIE ANNE'S (#MA 110),2110
Auntie Anne's (Trmnl A  Gate A 18),2128
Avana Express Bar,2111
Avana Market Place,2111
Avana Sushi II,2110
Azama Grill,2134
B & G OYSTERS LTD.,2116
B C High School (Faculty Food Serv.),2125
B Good,2115
B Good Burger,2215
B Good Burger,2108
B I DEACONESS/WEST END CAFE,2215
B U-100 Baystate Dining Cafe/Multi Purpose,2215
B. Good,2116
B. Good,2210
B. Good,2110
B. Good Burger,2116
B. U. Einsteins Bagels,2215
B.H.C.C. Coffee Shop,2129
B.U. George Sherman Union,2215
B.U. HARRY AGGANIS ARENA(FS),2215
B.U. HARRY AGGANIS ARENA/STANDS,2215
B.U. HEALTHY BLENDS,2215
B.U. PUB,2215
B.U. SCHOOL OF LAW CART,2215
B.U. SCHOOL OF MANAGEMENT,2215
B.U. WARREN TOWER CAFE,2115
B.U. WEST CAMPUS,2134
B.U.Dining Srvices-1st fl.,2215
B.U.Dining Srvices-2nd fl.,2215
Babbo Pizzeria,2210
BACCO RISTORANTE & BAR,2113
Back Bay Sandwich,2116
Back Bay Social Club,2116
Back Deck,2111
Backlash Taproom,2119
BACKWOODS PIZZA,2119
Backyard Betty's,2127
Bailey & Sage,2109
Bailey and Sage,2110
Bain Capital (40th Fl),2116
Balance Patch,2215
BALE RESTAURANT,2125
Bamboo Thai Restaurant,2135
Bambu,2122
BANGKOK BISTRO,2135
Bangkok Pinto,2120
Bani Restaurant,2131
Banyan Bar & Refuge,2116
Bar A Vin 1855,2116
Bar Louie,2215
Bar Lyon,2118
Bar Medallo,2128
Bar Mercato,2109
Bar Mezzana,2118
Barcelona Restaurant,2116
Barlows Restaurant,2210
BARNES & NOBLE BOOKSELLERS (R),2199
BARNEY'S GRILL,2128
Barracuda Tavern,2108
Barrington Coffee,2210
Barrington Coffee Roasting Co.,2115
BARRY'S BOOTCAMP,2116
BARRY'S BOOTCAMP,2111
Bartaco,2210
Basho Express,2215
Basho Japanese Brasserie,2114
Basho Japanese Brasserie,2215
Basho Japanese Sushi@B.U.(G.S.U.),2215
Bastille Kitchen,2127
Battery Park Restaurant & Lounge,2109
Battery Wharf Hotel,2109
BATTERY WHARF HOTEL BOSTON WATERFRONT,2109
BBQ Chicken,2134
Beacon Cafe @Univ. of Mass Boston,2125
Beacon Hill Pub,2114
Bean & Leaf Cafe,2111
Bean Towne Coffee House,2111
BEANTOWN BURRITO,2115
Beantown Pastrami,2108
Beantown Pho & Grill,2116
Beantown Pub,2108
Beard Papa's and Chatime,2134
Beard's Papa,2111
Beijing Cafe,2115
Bell In Hand,2108
Bella Luna Restaurant @ the Brewery,2130
Bella Vista,2113
Ben & Jerry's,2116
Ben & Jerry's,2210
Ben & Jerry's (Kiosk),2199
Ben Cotto,2113
Benevento's,2113
Bennetts Sandwich Shop,2215
BERKELEY PERK CAFE,2116
Berklee College of Music,2115
Berkshire Farms Market,2128
BERTUCCI'S,2115
BERTUCCI'S,2132
BEST BARBECUE KITCHEN,2111
Best Western Plus Roundhouse Suites,2119
Beth Israel Deaconess,2115
Better Bagels,2210
BFresh,2134
B-Good,2215
Biddy Earlys,2110
BIG DADDY'S PIZZA,2135
Bijou Night Club,2116
Billares Colombia,2128
Bill's Bar,2215
BILLY TSE RESTAURANT,2109
Billy's Sub Shop,2116
BILLY'S TEXAS B.B.Q.,2124
Bin 26 Enoteca,2114
BIRCH STREET BISTRO,2132
BISHOP'S MEDITERRANEAN,2114
Bistro du Midi,2116
BK's Pub,2131
Black Rose,2109
Black Seeds,2111
Blackbird,2135
Blackbird Donuts,2215
Blackbird Doughnuts,2116
Blackmoor Bar & Kitchen,2129
BLACKSTONE GRILL,2109
Blake's Boston,2114
BLASI'S CAFE,2122
Blaze Fast Fired Pizza,2215
Blaze Pizza,2116
Blaze Pizza,2215
Bleacher Bar,2215
Blend,2122
Blu,2111
Blue Asia Cafe,2134
Blue Bottle Coffee,2110
Blue Bottle Coffee,2199
Blue Cross Blue Sheild of Ma. Cafe,2199
Blue Dragon,2210
Blue Hill House of Pizza,2119
Blue Nile,2130
BLUE STAR RESTAURANT,2131
Blue State Coffee,2210
Blue State Coffee@957 Comm. Ave. Boston,2215
Blunch,2136
BO9/CO9/Y7,2215
Bocao Latin Food,2121
Bodega Canal,2114
Bohemios Restaurant,2128
Boloco,2110
Boloco,2115
Boloco,2109
Boloco,2116
Boloco - Berklee,2215
Boloco Inspired Burritos,2116
Boloco-Atlantic Wharf,2110
Bon Appetit Creperie,2108
BON APPETIT RESTAURANT,2124
Bon Me,2108
Bon Me,2215
Bon Me,2116
Bon Me Restaurant,2210
Bonapita,2110
Bonapita,2132
Bonchon Allston,2134
Bonfire By Todd English,2128
Bonne Chance Cafe,2114
Boom Crispy Chicken,2111
Bootleg Special,2116
Borinquen Bakery & Cafe,2124
Bos Burger,2122
BOSTON & MAINE FISH CO.,2109
BOSTON BACK BAY HILTON,2115
Boston Bagel Company,2127
Boston Beer Works,2114
Boston Beer Works,2215
Boston Beer Works (Pier B),2128
Boston Beer Works (Pier C),2128
Boston Bowl,2122
Boston Burger,2215
Boston Celtics Practice Facility Dining,2135
Boston Chops,2118
Boston Chops,2111
Boston Chowda Co.,2109
BOSTON COLLEGE CLUB,2110
BOSTON COLLEGE WALSH HALL,2135
Boston Common Coffee Co.,2110
Boston Eagle,2116
Boston Elite,2110
Boston Fried Chicken,2126
Boston Fried Chicken,2124
Boston Harbor Hotel,2110
Boston Harbor Hotel Wharf Room,2110
Boston House of Pizza,2115
Boston House of Pizza,2131
Boston Juicing,2129
Boston Kebab House,2109
Boston Kitchen,2110
Boston Kitchen Pizza,2111
Boston Living Center,2116
BOSTON MARKET,2122
BOSTON MARKET,2115
Boston Marriott Long Wharf - FS,2110
Boston Marriott Longwharf,2110
Boston Medical Center (Shapiro Bldg.),2118
Boston News Cafe,2109
Boston News Cafe (90 Arch St.),2110
Boston Opera House,2111
Boston Park Plaza (Main Kitchen/Room Serv.),2116
Boston Park Plaza Employee Cafeteria(3rdFl),2116
Boston Pizza & Grill,2125
BOSTON SAIL LOFT,2110
Boston Shawarma,2115
Boston Symphony Orchestra,2115
BOSTON UNIVERSITY ATHLETIC CTR,2215
Boston Yacht Haven,2110
Bostonia Public House,2109
BOURBON ST. CAFE,2108
Bourbon Street Cafe,2115
BPL Newsfeed Cafe,2116
Brandy Petes,2110
Brannellys Cafe,2131
Brassica Kitchen & Cafe,2130
BREADWINNERS/STARBUCK'S,2215
Breaking New Ground Cafe,2119
Bred,2124
Brendan Behan Pub,2130
Brewer's Fork,2129
BRICCO Restaurant/Bakery,2113
Brick House Pizza & Grille,2135
Brigham & Women Hospital OR Lounge,2115
Brigham & Womens Coffee Kiosk,2115
BRIGHAM & WOMENS FAULKNER HOSPITAL,2130
BRIGHAM CIRCLE CHINESE FOOD,2115
Brighams & Womens Hospital - Tower Cafe,2115
Bright Arena/Briggs Cage,2134
Bright-Landry Arena Briggs Cafe,2163
Brighton Bodega,2135
BRIGHTON CAFE,2135
BRIGHTON HOUSE OF PIZZA,2135
Brighton Music Hall,2134
Brighton's Best Pizza,2135
British Airways Lounge,2128
Broadside,2109
Broadway Pastry,2127
Brother Deli Restaurant,2126
Brown Brothers Harriman & Co.,2110
BROWN SUGAR CAFE,2215
BROWNSTONE,2116
Bruegger's,2132
BRUEGGER'S BAGEL BAKERY,2210
BRUEGGER'S BAGEL BAKERY,2115
BRUEGGER'S BAGEL BAKERY,2201
BRUEGGER'S BAGEL BAKERY # 274,2108
Bruins Bar,2128
BTM Cafe,2115
Bubor Cha Cha,2111
Buco Trattoria,2210
Buk Kyung # 2,2134
BUKHARA INDIAN BISTRO,2130
BUKOWSKI,2115
Burger King,2128
Burger King,2121
Burger King,2125
Burger King,2108
Burger King,2134
Burger King,2127
Burger King,2128
Burger King,2126
Burger King,2128
Burger King # 16370,2128
Burger King # 3483,2132
Burger King # 3531,2131
Burrito's Pizzeria,2121
Burro Bar,2118
Bus Stop Pub,2134
Butterfly Coffee,2120
Buttermilk & Bourbon,2116
By Chloe,2116
By Chloe,2210
By Chloe`,2215
C Fruit Life,2134
C01/B01/Y01,2215
C11,2115
C12/B12,2115
C13/B13,2115
C15/B15,2115
C16/B16,2115
C17/B17,2115
CABANA GRILL,2128
Cactus Grill,2128
CAFE @ 1295,2215
CAFE 1010,2118
Cafe 24,2215
Cafe 26,2111
Cafe 472,2215
Cafe 939,2115
Cafe Amalfi,2109
CAFE ARPEGGIO,2127
CAFE Artigiano,2108
Cafe Beirut,2130
Cafe De Boston,2110
Cafe GiGu,2128
CAFE JAFFA,2116
Cafe Juice Up,2126
Cafe Landwer,2135
Cafe Landwer,2215
Cafe Madeleine,2118
Cafe Mamtaz,2127
Cafe Marliave,2108
Cafe Med,2116
CAFE MIRROR,2135
CAFE NAPOLI,2128
CAFE PODIMA,2114
CAFE POLONIA,2127
CAFE PORTO BELLO,2127
Cafe Presto,2128
CAFE QUATTRO,2118
Cafe Rustico,2114
Cafe SuSu,2116
CAFENATION,2135
Cafeteria Boston,2116
Cafeteria Y Pizzeria Mi Colombia,2128
Caffe Aromi,2130
CAFFE BELLAVITA,2108
Caffe Bene,2115
Caffe Dello Sport,2113
Caffe di Marina,2210
Caffe Lil Italy,2113
Caffe Nero,2110
Caffe Nero,2134
Caffe Nero,2215
Caffe Nero,2115
Caffe Nero,2116
Caffe Nero,2135
Caffe Nero,2108
Caffe Nero,2215
Caffe Nero,2127
Caffe Nero,2127
Caffe Nero,2118
Caffe Nero,2111
Caffe Nero,2210
Caffe Nero,2130
CAFFE PARADISO,2113
Caffe Strega,2115
Caffe Strega,2115
Caffe Strega,2110
Caffe Vittoria,2113
Cajun Cajun,2110
CALIFORNIA PIZZA KITCHEN,2199
Camden Food Co,2128
Camp Harborview,2128
Canary Square,2130
CANTINA @ WESTIN COPLEY,2116
CANTINA ITALIANA,2113
CANTON EATERY,2128
CANTON HOUSE,2124
CANTON HOUSE,2125
Cape Verdean Taste,2122
CAPITAL GRILLE,2199
Capital One Cafe,2210
CAPITOL COFFEE HOUSE,2108
CAPO RESTAURANT,2127
CAPPY'S PIZZA,2130
CAPPY'S PIZZA,2136
CAPPY'S PIZZA & SUBS,2115
CAPTAIN NEMO'S,2130
Caribe Restaurant,2124
CARLOS CUCINA ITALIANA,2134
Carmelina's North End,2113
CARNEY HOSPITAL,2124
CAROL ANN BAKE SHOP,2109
Carrie Nation,2108
Carrot Flower,2130
CARTER FULLER MENTAL HOSPITAL,2118
CARVER DEN,2124
Casa Cana,2134
Casa Colombia Rest. Ice Cream & Bakery,2128
Casa Razbora,2109
Casa Real Mexican Food,2125
CASA ROMERO,2115
Casa Verde,2130
Cask N Flagon,2215
Catering,2215
Cathedral Station,2118
CAUSEWAY CAFE,2114
Cava,2215
Cava,2116
CAVAN CAFE,2136
CENTERFOLDS,2116
Centerplate @ Blue Hills Bank Pavilion,2210
Centerplate @ ORPHEUM THEATRE,2108
Central Wharf Co.,2109
Chacarero,2110
CHACHO'S PIZZA,2120
Champion Club,2215
Channel Center Cafe,2210
CHARLESMARK HOTEL,2116
Charlestown Cafe  Inc.,2129
Charlestown Recovery House,2129
Charlestown Tea & Treats,2129
Charley's Philly Steak,2108
Charley's Philly Steaks,2115
CHARLIE'S HOUSE OF PIZZA,2124
Charlie's Pizza & Cafe,2134
Charlies Sandwich Shoppe,2116
CHART HOUSE,2110
CHARTWELLS @ SNELL LIBRARY,2115
Chatime,2111
Chatime,2115
CHAU CHOW,2122
CHECKMATE CAFE,2131
CHEERS AT FANEUIL HALL MARKETPLACE,2109
Chef Chang's on Back Bay,2115
CHEQUERS,2118
Chequers Coffee Express,2118
Chestnut Park at Cleveland Circle,2135
CHEZ-VOUS SKATING RINK,2124
Chickadee,2210
Chicken and Rice Guys,2108
Chicken and Rice Guys,2111
CHICKEN LOU'S,2115
Chilacates,2120
Chilacates,2130
Chilacates,2118
Chilacates,2130
CHILDRENS HOSPITAL MAIN CAF,2115
Chili Duck,2116
Chilipa Restaurant,2215
Chill Gelato,2210
Chill On Park,2122
Chilton Club,2116
CHINA GOURMET RESTAURANT,2111
CHINA HOUSE,2113
China King Restaurant,2111
CHINA MAXIM III,2134
China Pearl Restaurant,2111
CHINA SEA RESTAURANT,2126
China Sky Restaurant,2124
China Station Restaurant,2124
Chinatown Cafe,2111
CHINATOWN EXPRESS INC.,2126
CHINESE DRAGON,2128
Chipotle Mexican Grill,2115
Chipotle Mexican Grill,2135
Chipotle Mexican Grill,2125
Chipotle Mexican Grill,2116
Chipotle Mexican Grill,2116
Chipotle Mexican Grill,2210
Chipotle Mexican Grill #1520,2110
Chipotle Mexican Grille,2108
Choat Hall & Stewart,2110
Choice's by Au Bon Pain,2116
Chopped & Topped 3rd Fl.,2111
Christo's Pizzeria,2132
CHUNG WAH,2122
Churrascaria Vulcao,2122
Chutney's,2115
Chutney's,2115
CIAO,2210
Cinque Cento,2118
Cisco Brew Pub of Nantucket,2128
Citizen Public House & Oyster Bar,2215
Citra A Fresh Cafe,2115
Citrus & Salt,2116
City Bar/M. J. O'Connor's,2210
City Hall Deli (8th Fl.),2201
City Tap House,2210
City Winery,2114
Cityside,2135
CLARKE'S,2109
Classic Harbor Lines,2110
Clay Pot Cafe,2111
CLERY'S,2116
Clock Tavern,2127
Clover,2110
Clover,2108
Clover,2215
Club Cafe,2116
CLUB HOTEL BAR,2125
CO3/BO3/YO3,2115
CO5/BO5,2115
CO6/BO6,2115
CO7,2115
Cobblestones,2113
Coco Leaf,2122
Cocobeet,2108
Coda Bar & Kitchen,2116
Code 10 Restaurant Cafe,2118
Coffee Break Cafe,2136
Coffee Corner,2111
Coffee Cup (Ashmont Station southbound side),2124
COFFEE SHOP,2127
Cold Stone Creamery,2199
College Club,2116
COLLEGE PIZZA,2215
Colonnade Hotel,2116
Columbia Park Cafe @ Santander Bank,2125
Comedy Connection @ The Wilbur Theater,2116
Comella's,2132
COMFORT INN BOSTON,2122
Committee,2210
COMMON GROUND,2134
Community Workshop Inc.,2114
Concession Kitchen South Side,2135
Concession Stand North East,2210
Concession Stand South East,2210
Concession Stand South West,2210
CONF. CTR. SCHOOL OF MGMENT,2215
CONOR LARKINS GRILL & TAP,2115
Constitution Center Cafe,2129
Conte 1,2135
Conte 2,2135
Conte 3,2135
Conte 4,2135
Conte 5,2135
Conte 6,2135
Conte 7,2135
Conte 8,2135
Convene @ 1 Boston Place,2108
Converse,2114
COOGAN'S BLUFF,2109
Copley Square Hotel,2116
Coppa,2118
Coppersmith Hall,2127
Coreanos,2134
Corner Cafe,2113
Corner Stone Pizza Cafe,2121
Cornish Pasty Co. Boston,2115
CORNWALL'S RESTAURANT,2215
CORPORATE CHEFS,2135
Corporate Chefs @ Plaza Cafe (Tufts),2116
Corporate Chefs @ Tufts Food 4 Thot,2111
CORRIB PUB,2135
CORRIB PUB AND RESTAURANT,2132
Cosi,2110
Cosi,2110
Cosi # 214,2210
Cosi #204,2110
Cosi #206 (Air Canada),2128
Cosi #305,2111
Cosi #312 (Hood Park Cafe),2129
COSI #315 (Logan Term C),2128
Cosi #901,2129
Costello's Tavern Inc,2130
Country Kitchen,2124
Courtyard Boston Downtown,2116
Courtyard by Marriot Boston - The Bistro,2114
Courtyard By Marriott,2125
COURTYARD CAFE,2115
COURTYARD CAFE,2116
COURTYARD CAFE,2135
COURTYARD MARRIOTT COPLEY,2116
Courtyard Marriott Logan Airport,2128
Craft Table & Bar,2128
CRANBERRY CAFE INC.,2127
Crave Mad For Chicken,2111
Crazy Dough Pizza,2199
Crazy Dough's Pizza,2114
Crazy Dough's Pizza,2135
Crazy Dough's Pizza,2116
Crepe & More,2110
Crescent Ridge Dairy,2108
CRISPY CREPES CAFE,2215
Crispy Dough Pizzeria,2120
CROKE PARK,2127
Crown Fried Chicken,2119
Crudo,2113
Crush Pizza,2109
Crystal Restaurant,2134
Crystal/Gorage Lounge,2134
Cunard Tavern,2128
Cuong's Vegan Sandwiches,2111
Cuppa Coffee,2118
CUPPACOFFEE,2114
Cure Lounge (basement at Wilbur Theatre),2116
Currito Burrito,2128
Currito Burrito,2128
D & D Restaurant,2130
D Coal Pot,2136
Da Vinci,2116
DACOOPA SUB & PIZZA,2128
Daily Catch,2113
Damasco Mediterranean Cuisine,2135
Dana Farber Cancer Institute Cafeteria,2215
D'ANGELO SANDWICH SHOP,2115
D'ANGELO'S,2110
Darbar Indo-Pak Rest.,2135
Dare to Taste/Table by Jen Royle,2113
Darryl's Corner Bar and Kitchen,2118
Dash Cafe,2135
Dates & Olives,2135
DAVIO'S,2117
DAYIB CAFE,2119
DBAR,2125
D'BENNY'S SUBS,2124
DD1/B14,2115
DD2,2115
DEEP ELLUM/ Lone Star Taco Bar,2134
Del Frisco's Double eagle Steak House,2199
Delfino Restaurant,2131
DelFriscos Double Eagle Steak House,2210
DELI OF COURSE,2127
Deli One,2110
Delicias Colombianas 2,2136
Delicias Del Caribe,2125
Delicious Yogurt,2131
Deloitte Bistro,2116
Del's Lemonade (Left Field Vending),2215
Del's Lemonade (Vending 10),2115
DELTA SKY CLUB TERMINAL A SATELLITE,2128
Delta Sky Club Trmnl A Main,2128
DEM & TED INC.  PIZZA SHUTTLE,2128
Democracy Brewing,2111
DENO'S SUBS & PIZZA,2132
Deparma,2128
Deuxave,2116
Devine Merci Restaurant,2126
DEVLIN'S RESTAURANT,2135
D'Guru,2110
DICK'S LAST RESORT,2109
Dig Inn,2108
Dig Inn,2116
Dig Inn,2199
DILLON'S,2115
DIMITRIOS HOUSE OF PIZZA,2124
Dine Boston,2128
DING HO FAST FOOD,2111
Dining Hall @Emerson,2116
DINO'S CAFE,2113
Dirty Water Dough Company,2116
Discovery Cafe,2115
District 7 Tavern,2119
Dog House,2109
DOGWOOD CAFE,2130
DOLCE VITA,2113
DOLCE VITA (1696 Comm. Ave.),2135
Dolphin Bay,2134
Domino's,2128
Domino's,2215
Domino's,2119
Domino's,2114
Domino's,2135
Domino's,2134
Domino's Pizza,2126
Domino's Pizza,2127
Domino's Pizza,2122
Domino's Pizza,2129
Domino's Pizza (695 Truman Pkwy),2136
Dona Habana Restaurant,2119
DONNA'S RESTAURANT,2128
Donut-N-Donuts Inc.,2129
Dorchester Brewing Company,2125
Dot Cafe,2122
Dot Tavern,2125
Double Chin,2111
Double Tree Club Hotel,2116
Double Tree Club Hotel/Starbucks,2111
Double Tree Guest Suites,2134
Doughboy Donuts & Deli,2127
DOUZO JAPANESE RESTAURANT,2116
Down At The Rink,2127
Down Home Delivery & Catering,2124
DOYLES CAFE,2130
Dozzi,2128
Dragon Bowl,2115
Dragon Chef East,2131
Drink,2210
DRY DOCK CAFE,2210
D's Keys Dueling Pianos,2210
DUBLIN HOUSE,2125
Ducali Pizzeria & Bar,2113
Dudley Cafe,2119
Dudley Sq. Grill,2119
Dug Out Cafe Inc,2115
Dugout Inseat,2215
Dumpling Cafe Inc.,2111
Dumpling Gourmet,2111
Dumpling King,2111
Dumpling Kingdom,2134
Dumpling Palace,2115
Dunkin,2114
DUNKIN',2119
DUNKIN',2131
DUNKIN',2116
DUNKIN (STATION DONUTS),2131
DUNKIN DONUT,2109
DUNKIN DONUT,2210
Dunkin Donuts,2127
Dunkin Donuts,2128
Dunkin Donuts,2125
Dunkin Donuts,2114
Dunkin Donuts,2115
Dunkin Donuts,2136
Dunkin Donuts,2111
Dunkin Donuts,2128
Dunkin Donuts,2115
Dunkin Donuts,2122
Dunkin Donuts,2126
Dunkin Donuts,2134
Dunkin Donuts,2124
Dunkin Donuts,2467
Dunkin Donuts,2128
Dunkin Donuts,2134
Dunkin Donuts,2135
Dunkin Donuts,2110
Dunkin Donuts,2119
Dunkin Donuts,2116
Dunkin Donuts,2115
Dunkin Donuts,2128
Dunkin Donuts,2128
Dunkin Donuts,2130
Dunkin Donuts,2108
Dunkin Donuts,2110
Dunkin Donuts,2128
Dunkin Donuts,2129
Dunkin Donuts,2128
Dunkin Donuts,2210
Dunkin Donuts,2108
Dunkin Donuts,2131
Dunkin Donuts,2127
Dunkin Donuts,2215
Dunkin Donuts,2135
Dunkin Donuts,2134
Dunkin Donuts,2118
Dunkin Donuts,2109
Dunkin Donuts,2111
Dunkin Donuts,2135
Dunkin Donuts,2127
Dunkin Donuts,2111
Dunkin Donuts,2110
Dunkin Donuts,2122
Dunkin Donuts,2110
Dunkin' Donuts,2215
Dunkin' Donuts,2120
Dunkin' Donuts,2125
DUNKIN' DONUTS,2108
Dunkin' Donuts,2119
Dunkin' Donuts,2129
Dunkin' Donuts,2108
Dunkin' Donuts,2124
Dunkin' Donuts,2108
Dunkin' Donuts,2119
Dunkin' Donuts,2125
Dunkin' Donuts,2116
Dunkin' Donuts,2127
Dunkin' Donuts,2130
Dunkin' Donuts,2125
Dunkin' Donuts,2129
DUNKIN DONUTS',2109
DUNKIN DONUTS',2199
DUNKIN DONUTS',2119
DUNKIN' DONUTS #0311,2118
Dunkin Donuts (1447 Tremont St.),2120
Dunkin Donuts (209 North Harvard St.),2134
Dunkin Donuts (219 Cambridge),2134
Dunkin Donuts (48 W Broadway),2127
Dunkin Donuts (895 Morton St.),2126
DUNKIN DONUTS (ALLSTON),2134
DUNKIN DONUTS (BAY ROAD),2130
Dunkin Donuts (Canal St.),2114
DUNKIN DONUTS (CARNEY),2124
Dunkin Donuts (Causeway St.),2114
DUNKIN DONUTS (CITY PLACE),2116
Dunkin Donuts (Front Foodcourt),2128
Dunkin Donuts (TRMNL-C Baggage Area),2128
Dunkin Donuts (V.F.W. Pkwy.),2132
DUNKIN DONUTS (WEST ROXBURY),2132
DUNKIN DONUTS (WTC),2210
DUNKIN DONUTS @ HAYDEN HALL,2116
Dunkin Donuts @ MBTA Station,2116
Dunkin Donuts @ Stop & Shop,2124
Dunkin Donuts at Old Colony,2127
DUNKIN DONUTS BLUE HILL AVE,2121
Dunkin' Donuts Express,2116
Dunkin Donuts Kiosk,2128
Dunkin Donuts Kiosk,2110
Dunkin Donuts North Station,2114
Dunkin Donuts Space #86,2128
Dunkin Donuts(757 Centre St.),2130
DUNKIN DONUTS(ARRIVAL),2128
Dunkin' Donuts(C.A. Donuts),2132
DUNKIN DONUTS(DEPARTURE),2128
DUNKIN DONUTS(FRANKLIN),2110
DUNKIN' DONUTS(RMG DONUTS LLC),2128
DUNKIN' DONUTS(RMG DONUTS LLC),2128
DUNKIN DONUTS(SATELLITE),2128
DUNKIN DONUTS(WOLCOTT SQ. LLC),2136
Dunkin Donuts/1138 Washington St.,2118
Dunkin Donuts/Airside,2128
DUNKIN DONUTS/BEE FINE FOODS,2114
DUNKIN DONUTS/FIRST DONUTS INC,2114
DUNKIN DONUTS/GALLERIA,2115
DUNKIN DONUTS/GALLIVAN,2122
DUNKIN DONUTS/HYDE PK AVE,2136
DUNKIN DONUTS/PLAZA ENT,2114
DUNKIN DONUTS/SCNVANOS,2118
DUNKIN DONUTS/WALDWIN GROUP,2128
DUNKIN' DONUTS/WATERMARK,2111
Dunkin Donuts-Amer Airlines/Landside,2128
DUNKIN' DONUTS-WATERMARK,2109
DUNKIN/DONUT/WATERMARK,2111
DUNKIN'DONUTS/WATERMARK,2110
Durgin Park,2128
Durty Nellie's,2109
Eagle Cafe 7th Fl,2110
Eagles Deli,2135
Earl of Sandwich,2116
Earl's Kitchen and Bar,2199
East Boston Pop Warner,2128
East Roof Production Kitchen,2135
EASTERN STANDARD,2115
Eataly 1St. Floor,2199
Eaton Vance Harbor Cafe (13th fl.),2110
EDDIE C'S,2128
Edu and Dens Bakery,2126
Edward Kennedy Museum Cafe,2125
Effie's Kitchen,2131
EGLESTON PIZZA,2119
El Barrio Mexican Grill,2124
El Caribeno Restaurant,2119
El Centro,2118
EL CHALAN,2128
El Dugout,2121
EL EMBAJADOR RESTAURANT,2130
El Fongon Restaurant,2119
EL KIOSCO,2128
EL MONDONGUITO,2119
El Oriental De Cuba,2130
El Paisa Restaurant #2,2128
El Palmar Restaurant,2128
El Paso Enchiladas,2109
El Pelon,2135
El Pelon Taqueria,2115
EL PENOL RESTAURANT,2128
El Pilon,2122
El Recreo Coffee & Roastene,2132
El Rinconcito,2128
El Triunfo Restaurant / Ali Baba,2118
ELEMENT SEAPORT HOTEL BOSTON,2210
ELEMENTS CAFE & CONFERENCE,2115
Elenas Cafe,2115
Elephant & Castle Pub and Restaurant,2110
Emack & Bolio,2114
Emack & Bolio's,2129
Emack & Bolio's,2115
Embassy Suites @Logan Airport,2128
EMC CLUB,2215
EMC Inseat,2115
Emirates Lounge,2128
Emmanuel College,2115
Emmanuel College (Muddy River Cafe),2115
EMMETS IRISH PUB,2108
EMPIRE GARDEN,2111
Empire Restaurant,2210
Energize,2115
Energize,2135
Equal Exchange,2114
EQUATOR RESTAURANT,2118
ERIC LINDEMAN,2114
Erie Pub,2124
Ernestos Pizza,2113
Esperia Grill & Rotisserie,2135
Espresso Love Cafe,2109
Espresso Yourself,2130
Estragon,2118
ETHEL & ANDY'S SUB SHOP,2127
Ethiopian Cafe,2130
Eurest Dining Services@Mass Biologic Cafe,2126
Eventide Fenway,2215
Evergreen Eatery,2130
Evy Tea,2130
Explorateur,2111
Expressway Motors Inc./Camry  Cafe,2122
Fairmont Copley Plaza,2116
Fairouz Restaurant,2132
FAJITAS & RITAS INC.,2111
Falafel King,2108
Falafel King I I I,2110
Fan Fan Restaurant,2136
FARAH'S CAFE RESTAURANT,2136
Fare Well,2210
Farmer Horse Coffee,2115
Fasika Cafe,2119
Fat Baby Sushi,2127
Felcaro Pizzeria,2114
Feng Shui Restaurant,2135
Fenmore American Bistro,2215
Fenway Cafe,2215
Fenway Johnnie's,2215
Fidelity Cafe,2210
Fidelity Coffee Bar,2210
FIGARO'S BOSTON DELICATESSEN,2111
FIG'S,2108
FIG'S,2129
FILIPPO'S,2114
FILL A BUSTER,2108
Finagle A Bagel,2114
FINAGLE-A-BAGEL,2116
Finn McCool's Bistro & Bar,2110
FIN'S SUSHI & GRILL,2114
FIN'S SUSHI & GRILL,2116
Fins Sushi & Grill  Inc.,2135
Fins Sushi & Grill 2,2215
Fiorella's Express,2135
Fiouna's,2215
FIRE & ICE,2116
Fireside Tavern,2130
First Baptist Church in Jamaica Plain,2130
Fish Market,2134
FISHER COLLEGE,2116
Fisher College Cafe,2116
Fisherman's Net,2109
Fiskie's Cafe,2125
Five Guys Burgers & Fries,2134
Five Guys Burgers & Fries,2110
Five Horses Tavern,2118
Five Spices House,2111
Five Star Pizza,2124
Flame Cafe,2109
FLAMES RESTAURANT,2126
FLAMES RESTAURANT,2116
FLAMES RESTAURANT III  INC.,2121
Flaming Grill & Buffet,2131
FLANN O'BRIENS,2120
Flat Black Coffee,2109
Flat Black Coffee,2109
Flat Black Coffee Co.  Ltd.,2109
FLAT BLACK COFFEE CO. LTD.,2124
Flatbread Co.,2135
FLEMING'S PRIME STEAKHOUSE,2116
Flik @ Fidelity Investments,2210
Flik @ Goodwin Proctor,2210
Flik @ Kirkland & Ellis,2116
Flik @ Putnam Investments,2110
Flik @ Skadden  Arps  Slate,2116
FLIK INTERNATIONAL,2109
Flik International @ Merck & Co.,2115
FLORENTINE CAFFE,2113
FLORIAN RESTAURANT,2124
Florina Restaurant,2114
Flour Bakery & Cafe,2210
FLOUR BAKERY & CAFE,2116
FLOUR BAKERY & CAFE,2114
FLOUR BAKERY & CAFE,2210
FLOUR BAKERY & CAFE,2115
Fogo de Chao - Churrascaria,2116
Fomu,2134
Fomu,2130
Fomu,2118
Fomu Ice Cream,2215
Fomu Ice Cream,2116
FOOD WALL CHINESE,2130
Forcella,2113
FOREST HILLS PIZZA,2130
Fort Hill Bar & Grill,2119
Foumami,2110
Found Hotel,2114
Four Seasons Hotel Boston,2116
Four Winds,2109
FOUR'S BOSTON,2114
Fox & The Knife,2127
Franciscan Children's Cafe,2134
Frank Anthony's Marina Cafe,2210
FRANKLIN CAFE,2118
Freeport Street Cafeteria,2122
Frenchie,2118
Fresh City,2128
Fresh Food Generation,2122
Fresh Fuel at Granby Commons,2215
Fresh Life Cafe @ Tuft's Medical Ctr.,2111
Friendly's,2128
Frio Rico,2128
Fromage,2127
Frosty Freeze,2131
Froyo World,2134
Fruity Tea,2134
Fuel America,2135
Fuel America,2128
Fuel America,2128
Fuji at Ink Block,2118
Fuku,2210
FunTea Cafe,2122
Futago Udon,2215
Future Chefs,2118
Ga Ga Seafood Restaurant,2111
GALLERIA UMBERTO,2113
Galway House Inc,2130
GAME ON FENWAY PARK,2215
Garden Halal Restaurant,2109
Gardner Museum Cafe,2115
Garlic 'N Lemons,2134
Gaslight and Greenlight Cafe,2118
Gather,2210
Gavin Foundation Inc.,2127
GEC/GEB,2115
Geido Sushi,2134
Gelateria,2113
GENE'S CHINESE FLATBREAD CAFE,2111
Genki Ya of Boston,2116
George Howell Coffee,2111
Ghirardelli Chocolate Co.,2109
Giacomo's,2113
Giacomo's Restaurant,2116
GIDDY UP GRILL,2122
Gillette Cafeteria,2127
Ginger Exchange,2120
Ginger Exchange,2115
Glass Slipper,2116
GLOBE BAR & CAFE,2116
GM1,2115
Golden Goose Cafe,2110
Golden House (Washington St.),2131
Golden Krust Caribbean Bakery & Grill,2126
GOLDEN LEAF RESTAURANT,2111
Golden Star Restaurant,2122
Gong Cha,2111
GOOD EATS PIZZA,2120
Goulston & Storrs,2110
Gourmet China House,2111
GOURMET INDIA,2109
Gracenote Coffee,2111
Grain Exchange,2109
Grainmaker,2110
Gran Cafe Spanish Amer. Restaurant,2121
Grandstand Bar,2215
GrandTen Distilling,2127
Grass Roots Cafe,2110
Grassfed,2130
Grasshopper Cafe,2129
Grasshopper Creamery,2109
GRASSHOPPER VEGETARIAN,2134
Gre.Co,2116
GREAT BARBECU INC.,2111
Great Chef,2128
Great Scott,2134
Great Taste Bakery and Restaurant,2111
Great Taste Italian & Mexican,2108
Great Wok,2125
Greek Pizza,2124
Greek Village Gyros and Grill,2135
Green Briar,2135
GREEN DRAGON TAVERN,2108
Green Express,2128
Green Room Cafe,2115
Green T Coffee Shop,2115
Green T Coffeeshop,2131
GREENHILLS BAKERY,2122
Greenhouse Kitchen,2135
GRILL 23 AND BAR,2116
Grille 705,2118
GROTTO,2114
Grove Hall Pizza,2121
Guckenheimer @ 24th Fl,2110
Guckenheimer @ B.R.E. @ Blue Glass Cafe,2116
Guckenheimer @ Berkeley Cafe,2116
Guckenheimer/Wellington Management(31st Fl),2110
Guilt Nightclub/Candibar,2116
Guira and Tambora Restaurant,2131
Gyro City,2135
Gyro City,2215
HABANERO MEXICAN GRILL  INC.,2134
Habibi's Lounge,2134
Haju Kitchen,2115
Hale & Hearty,2110
haley henry wine bar,2108
HALEY HOUSE BAKERY CAFE,2119
HALF TIME,2114
Hall,2115
Hamilton House,2122
Hampshire House Butcher Block,2108
HAMPTON INN & SUITES BOSTON,2119
Handy's Cafe,2125
Hanmaru,2134
Happy Garden,2135
Happy Lamb Mongolian Hot Pot,2111
Happy Lemon,2108
HARBOR PACIFIC,2128
HARBORSIDE INN OF BOSTON,2109
Harborview Cafe,2110
Hard Rock Cafe,2109
Hare Krishna Food For Life,2116
Harp & Bard,2125
Harpoon Brewery Beer Hall,2210
Harpoon Tap Room,2128
Harry's All American Breakfast,2131
Harry's Bar & Grill,2135
HARVARD BUS./ALDRICH HALL,2163
HARVARD BUS./BAKER FACULTY,2163
HARVARD BUSINESS SCHOOL CAFETE,2134
HARVARD CLUB OF BOSTON,2110
HARVARD CLUB OF BOSTON,2215
Harvard Gardens,2114
HARVARD SCHOOL-PUBLIC HEALTH,2115
Harvard Stadium Stand #2,2134
Harvard Stadium Stand #3,2134
Harvard Stadium Stand #4,2134
HAYMARKET PIZZA,2109
Healthworks Fitness,2116
HEBREW REHAB CENTER,2131
Hei La Moon Restaurant,2111
Hen House,2118
HENNESSY'S OF BOSTON,2108
Herrera's Burritos,2116
HERRERA'S MEXICAN GRILL  INC.,2111
Hi Lab Cafe,2135
HIDDEN KITCHEN,2118
HIEN VUONG RESTAURANT,2122
HIGH SPOT DELI,2108
HIGHLAND TAP OF BOSTON INC.,2119
Hills Deli,2130
HILLSIDE CAFE,2135
Hilton Boston Back Bay Coffee Bar,2115
HILTON BOSTON FINANCIAL DISTRICT,2110
HILTON BOSTON LOGAN AIRPORT,2128
HILTON GARDEN INN EAST BOSTON,2128
Himayalan Bistro,2132
Hissho Sushi @ Suffolk Univ.,2108
Hissho Sushi @ UMass Boston,2125
Hojoko,2215
Holiday Inn Express,2125
Holly Crab,2215
Home Run Cafe,2125
Home Stead,2122
Honey Dew Donuts,2148
Honeycomb Cafe,2125
Honeygrow,2210
Honeygrow,2215
Hong Kong 888 Cafe,2132
Hong Kong At Faneuil Hall,2109
HONG KONG CHEF,2125
Hong Kong Eatery,2111
Hong Kong Harbor,2128
Hopsters,2210
Hoshi Ya,2135
Hostelling International Boston,2116
HOST-JOHN ROCKETS-GATE 28,2128
HOST-STARBUCKS (GATE B31),2128
HOST-STARBUCKS-GATE C28 Trmnl C,2128
Host-Wolfgang Pucks-Gate 28,2128
Hot Eastern,2111
Hot Pot Buffet,2111
House of Blues,2215
HOUSE OF SIAM,2118
House of Siam on Tremont,2118
Howl at the Moon,2110
Hub Bar Stand 4BE,2114
Hulun Beir,2114
Hungry I,2114
HURRICANE O'REILLY'S,2114
HYATT CONF. & HOTEL (FS),2128
Hyatt Regency Boston,2111
I-CE-NY,2116
Ichiban Yakitori Sushi House,2115
Icon,2116
IDEAL CAFE 'D PIZZA,2130
IDEAL SUB SHOP,2119
Il Molo,2109
IL NIDO,2113
Il Panino Cafe and Grill,2130
Il Panino Restaurant,2113
Ilmondo Pizzaria,2115
Imperial Kitchen,2131
INBOUND PIZZA & RESTAURANT,2135
India Quality,2215
Inna's Kitchen,2108
Insomnia Cookies,2215
Integrated Sciences Complex Cafe,2125
Intelligentsia Coffee,2110
Intercontinental Boston - Rumba Bar,2210
Intercontinental Boston - Sushi Teq,2210
International Coffee and Smoothie,2135
International House of Pancake,2135
Invi Restaurant,2126
Irashai Sushi and Teriyaki,2111
IRIE JAMAICAN STYLE RESTAURANT,2124
Irish Village Inc.,2135
Iron Kitchen,2134
IRON MOUNTAIN,2110
Iron Wok (Unit F-3),2116
IRONSIDE GRILLE,2129
Islamic Society of Boston CC,2119
Island Creek Oyster Bar,2215
ISLAND STYLE INC.,2121
Isshindou Ramen,2134
Itadaki,2116
Italian Pizza & Sub Express,2130
Ittoku,2135
J & J IRISH PUB & GRILLE,2122
J J Foley's Cafe,2118
J J FOLEY'S GRILL INC.,2111
J M Curley,2111
J P House of Pizza,2130
J P Licks @ Charles Street,2114
J P Licks@Boylston St.,2215
J. J. DONOVAN INC.,2109
J. P. Roti Shop,2124
J. P. SEAFOOD CAFE INC.,2130
J. Pace & Son Uptown,2210
J.M.P. FINE INDIAN CUISINE,2134
J.P. Licks @ Southbay,2125
J.P. LICKS AT W.R.  INC.,2467
J.P. LICKS INC.,2130
J.R.'S HIDEAWAY,2118
Jack's Abby - Track Zero Taproom,2114
Jacob Wirth Restaurant,2116
Jacques,2215
Jade Garden Restaurant,2111
Jaho Coffee & Tea,2118
Jaho Coffee Roaster & Wine Bar,2116
Jaho Coffee Roaster & Wine Bar,2116
Jamba Juice,2115
Java City @ Simmons College,2115
JAZZMAN'S BY SODEXO@DANA FARBER,2215
JC Smoothies,2116
JEANIE JOHNSTON PUB,2130
Jen Lai Noodle and Rice Co.,2109
JENNY'S PIZZA,2129
Jerk Restaurant,2125
Jerry Remy's Express,2128
Jeveli's,2128
Jillian's Billiard Club,2215
Jim Roche Ice Arena,2132
Jimmie's Cafe,2131
JIMMY JOHN'S,2210
JIMMY JOHN'S,2116
JIMMY JOHN'S,2114
Jim's Restaurant and Deli,2135
Jo Jo Taipei,2134
JOE'S AMERICAN BAR & GRILL,2111
JOE'S AMERICAN BAR & GRILL,2116
Joe's Famous Subs & Pizza,2119
JOEY'S FUN FOODS,2109
JOHN B. HYNES VET. MEM. CTR.,2199
Johnnies On The Side,2114
JOHNNY'S PIZZA & SUBS,2124
Johnny's Takeaway,2132
Jook Sing Cafe,2111
Joseph's Pizza & Sub Shop,2126
Joseph's Pizzeria,2130
Joshua's Deli,2110
JP Kitchen,2130
JP LICKS,2116
JP LICKS @ BRIGHAM CIRCLE,2120
JP Licks @ West Broadway,2127
J-Pizzle Kitchen,2130
J'S CAFE @BOS. W & S,2119
Jubali Farmacy,2210
Jugos,2118
Jugos Juice Boston @ MBTA,2116
Juice and Jazz Cafe,2124
Juice Press,2116
Juice Press,2110
Juice Press,2210
Juicy Greens,2130
Juicy Spot,2111
Jump On In,2135
K Town Chicken,2134
Kaju,2215
Kaju Tofu House,2134
Kala Thai Cookery,2108
KALIHARI GRILL,2119
Kamakura,2109
Kane's Donuts,2110
KANTIN,2134
Kapow,2124
KASHMIR INDIAN RESTAURANT,2116
Kava Neo Taverna,2118
Kaze Shabu Shabu,2111
Kelleher's Bar and Grille,2131
KELLEY'S SQ. PUB,2128
Kelly's Roast Beef @BOS,2128
Kentucky Fried Chicken,2124
Kentucky Fried Chicken,2132
Kentucky Fried Chicken,2131
Kentucky Fried Chicken,2125
KFC,2134
Khadija's  Express Cafe,2119
Kikka Sushi,2116
Kimchipapi Kitchen,2134
KING AND I CORP.,2114
King Do,2125
Kings Bowl Seaport,2210
KING'S LANE LOUNGE & BILLIARDS,2115
Kingston Grill & Bar,2111
Kiosk @ WGBH,2135
KIPO'S PIZZERIA RESTAURANT,2129
Kneeland Cafe,2111
Knockout North End,2113
KO Catering and Pies,2128
Kohi Coffee Company,2135
Kohi Coffee Company,2110
Korean Garden Restaurant,2134
Koy,2109
Kriola Bar & Restaurant,2125
Kuizinn Lakay Plus,2126
Kung Fu Tea,2134
Kung Fu Tea,2134
Kung Fu Tea,2135
Kung Fu Tea @ Mass. Ave.,2115
Kwench Juice Cafe,2110
L & C Spanish Restaurant,2124
L STREET DINER,2127
L STREET TAVERN,2127
L.A. Burdick Chocolate,2116
L5B1,2115
L5B3,2115
L5C1,2115
L5C3,2115
La Abundancia Bakery  Corporation,2128
La Baguette Marche,2128
La Baguette Marche Express,2128
La Be Fana Pizzeria,2134
LA BELLE CAPOISE RESTAURANT,2124
La Belle Creole,2126
La Cancun,2128
La Casa del Pan Debono,2128
La Catrina,2135
LA CHIVA RESTAURANT,2128
La Colombe Torrefaction,2210
La Cuchara Restaurant  Inc.,2121
LA FAMIGLIA RISTORANTE,2113
La Galleria 33,2113
La Gran Manzana,2128
La Hacienda Restaurant Bar,2128
La La Restaurant,2124
La Lechonera Restaurant,2131
La Mamma Pizza And More,2134
La Parrilla,2125
LA REINA,2128
LA SULTANA BAKERY,2128
LA SUMMA,2113
La Taqueria,2131
LA TERRAZA RESTAURANT,2128
La Voile Brasserie,2116
LaColombe Torrefaction Inc.,2111
Land of Pizza,2127
LANDMARK @ LONGWOOD,2120
Landmark Public House,2124
Langham Hotel,2110
Langham Hotel (Chuan Body & Soul),2110
Lani's Pizza,2126
Lanta Asian Cuisine,2110
LARRY J'S BBQ CAFE,2210
LAS PALMAS RESTAURANT,2131
Las Vegas Seafood Restaurant,2136
LATINO RESTAURANT,2130
Latinos Restaurant,2128
Laugh Boston,2210
Laughing Monk Cafe,2115
Lavietes Pavillion,2134
LAZ CAFE,2118
LB1,2115
LBG,2115
LC1/Pizza/LB2,2215
LC2/LY1,2215
LC4,2215
Lean & Green Gourmet,2128
Lee Chen's,2127
Left Field Inseat,2215
Left Field Pantry,2215
Legal C Bar (Space BA-LO6),2128
Legal Crossing,2111
Legal Fish Bowl,2110
Legal Harborside,2210
Legal Oysteria,2129
LEGAL SEA FOOD,2128
LEGAL SEA FOOD,2128
Legal Sea Foods,2128
Legal Sea Foods (B Connector),2128
Legal Sea Foods (Logan Airport Trmnl C),2128
LEGAL SEAFOOD,2116
LEGAL SEAFOODS,2109
LEGAL SEAFOODS,2116
Lenox Hotel (5 Food Serv. Loc.),2116
Le's Restaurant,2134
LES ZYGOMATES,2111
Levi's Restaurant & Lounge,2121
Levy Premium Food Court 1,2210
Levy Premium Food Court 2,2210
Levy Premium Food Court 3,2210
Levy Premium Food Court 4,2210
Levy Premium Food Court 5,2210
Levy Premium Main Kitchen & Commissary,2210
LFV,2215
Liberty Diner,2118
Liberty Mutual Berkeley Cafeteria (2nd Fl),2116
Liberty Mutual Grab & Go,2116
LICKS CAFE,2115
Lilly Gourmet Pasta Express,2120
Lime Red Tea House,2215
Limelight Stage & Studios,2116
LIMONCELLO,2113
Lincoln Bar & Grill,2135
Lincoln Tavern,2127
Lion's Tail,2118
Liquor 4,2215
LIR,2115
LITTLE ASIA RESTAURANT,2128
Little Caesars,2131
Little Dipper,2130
Little Haiti International Cusine,2136
Little Pizza King,2135
Little Steve's Pizza,2115
Liuyishon Hotpot Boston,2111
Lobstah On A Roll,2118
Local 149,2127
Local 338 Bagels & Coffee,2132
Locale,2113
Loco Taqueria & Oyster Bar,2127
LOCONTES RESTAURANT,2113
Loews Boston Hotel,2116
Lola 42,2210
Lolita Cocina & Tequila Bar,2127
Lolita Cocina & Tequila Bar,2116
LONGWOOD HOTEL CORP.,2115
Lookout Rooftop and Bar,2210
Lorettas Last Call,2215
Los Amigos,2135
Los Amigos Mexican Grill,2132
Los Antojitos Restaurant,2132
LOS ARRIEROS REST,2128
Los Pinos Restaurante Mexican Grill,2128
L'OSTERIA RESTAURANT,2113
Loui Loui,2134
Love Art Sushi,2115
LOWER DINING CORCORAN DINING FACILITY,2135
Lower Mills Tavern,2124
LTK Bar and Kitchen and Legal Test Kitchen,2210
Lu Fu Zi,2134
Lucca Back Bay,2116
Lucca North End,2113
Lucca Restaurant & Bar,2128
Lucia Ristorante,2113
LUCKY BOSTON CHINESE REST.,2119
LUCKY CAFE,2125
Lucky Rice,2109
LUCKY'S,2127
LUCKY'S LOUNGE,2128
Lucy Ethopian Cafe,2115
Lucy's American Tavern,2124
Lufthansa Airline,2128
Luke's Lobster,2108
Luke's Lobster,2210
Luke's Lobster,2199
LULUS' ALLSTON,2134
Luna's,2128
LY2,2115
LY4/LB4,2215
M & J Teriyaki,2215
M.G.S. Cafe Inc.,2118
M.J. O'CONNOR'S,2116
M/V Fort Independence,2110
M/V Frederick Nolan Jr.,2110
M/V Majestic,2110
M/V MAJESTY,2110
M/V Regency,2110
M/V Rendezvous,2110
M/V Rita,2110
M/V Rookie,2110
Ma La Restaurant,2134
Ma Maison,2114
Machine,2215
MACUMBA LATINA,2126
Macy's Starbucks Kiosk,2111
MADONNA SHRINE,2128
MAGGIANO'S,2116
Maggie's Grill @ Franklin Park Golf Course,2119
MAGIC WOK RESTAURANT,2122
Mainely Burgers,2135
Mala Kungfu,2134
Mama Blanca Restaurant,2128
Mama's Place,2115
MAMMA MARIA RESTAURANT,2113
Mana Escondido Cafe,2118
Mandarin House,2131
Mandarin Oriental Hotel,2199
MANGIA MANGIA,2113
Mangu Dominican Bistro,2130
MARE,2113
Maria's Taqueria,2116
MARINER'S HOUSE,2113
Mario's Pizzeria,2121
MARIO'S RESTAURANT,2128
Mario's Subs & Salad,2119
Market Cafe,2128
Market Cafe,2116
Market Fresh Kitchen,2128
Market Place West 3 - Stand #104,2114
Marketplace Cafe & Take Away,2125
Marriott Copley Plaza (28th Fl.),2116
MARRIOTT HOTEL-COPLEY PLACE,2116
Marriott/Copley Connexion Lounge,2116
MARRIOTT/COPLEY PL. CHAMPION'S,2116
MARRIOTT'S CUSTOM HOUSE,2109
Mary Ann's,2135
Mary Ann's Monday Morning  Inc.,2135
Maryann's Breakfast & Lunch,2132
MASA,2116
Masona Grill,2132
MASS ART DINING COMMONS,2115
Mass Bay Lines/Freedom,2110
MASS EYE AND EAR INFIRMARY,2114
Mass Gen. Hosp./Tea Leaves & Coffee Beans,2114
Mass General Hospital Cafe,2114
Mass General Hospital/Coffee Central,2114
MASS. COLLEGE OF PHARMACY,2115
Massachusetts Eye & Ear EyeOpener Cafe,2115
Massachusetts Eye & Ear Infirmary Eye Opener Cafe,2114
Massiminos Cucina,2113
Mast' Restaurant,2108
MASTER WOK,2110
Mastro's Ocean Club,2210
Mattapan House of Pizza,2126
MATTHEWS ARENA CONCESSION,2115
Maverick Marketplace,2128
Max Brenner,2116
MAX'S DELI CAFE,2109
Mc Cafe,2110
Mc Goo's Pizza,2127
MCCORMICK & SCHMICK,2109
Mcdonalds,2136
Mcdonalds,2111
Mcdonalds,2132
Mcdonalds,2135
Mcdonalds,2119
Mcdonalds,2108
Mcdonalds,2122
Mcdonalds,2124
Mcdonalds,2215
McDonald's,2128
McDonald's,2115
McDonald's,2124
McDonald's,2110
McDonald's,2131
McDonald's,2111
Mcdonalds (Warren St.),2119
MCGANN'S BOSTON,2114
McGreevys,2115
MCKENNA'S CAFE,2125
MDM Noodle,2135
Media,2215
MEDITERRANEAN GRILL,2110
MEGUMI OF JAPAN,2109
Mehak Restaurant,2128
Mei Mei Restaurant,2215
MELA RESTAURANT,2118
Menton,2210
MERENGUE RESTAURANT,2119
METRO SUBWAY,2116
METRO SUBWAY INC.,2114
METRO SUBWAY INC.,2110
METRO SUBWAY INC.,2108
METROPOLIS CAFE,2118
Metropolitan In Town Restaurant Bar,2116
Mi Pilon Restaurant,2121
Mi Pueblito Orient Heights,2128
Mi Pueblito Restaurant,2128
MI RANCHO RESTAURANT,2128
MIAMI RESTAURANT,2130
MIDA Restaurant,2118
Midway Cafe,2130
Miel Brasserie,2210
Mighty Love Food,2109
Mija Cantina and Tequila Bar,2109
Mike and Patty's,2116
Mike's Cafe,2110
MIKE'S CITY DINER,2118
MIKES DONUT SHOP,2130
MIKES DONUTS,2120
MIKE'S FITNESS,2130
MIKE'S PASTRY INC.,2113
Mikes Vending L L C @ Constitution Beach,2128
Milano Pizzeria & Pasta,2135
MILANO'S DELI,2128
MILK ST CAFE,2109
Milkweed,2120
Millenium Restaurant & Grill,2119
Millennium Tower Residents Only Amenity Restaurant,2110
Ming's Supermarket,2118
Minibar,2116
MiniGrow,2110
MiniGrow,2116
Minina's Cafe,2122
Mirabella Pool Concession,2109
Mirisola's,2127
MISONO GRILL,2134
MISONO RESTAURANT,2467
MISSION BAR & GRILL,2115
MISTRAL,2116
Miyuki Sushi,2135
MMMAC N' CHEESE,2109
MOBYDICK,2115
MODEL CAFE,2134
Modern Pastry Shop I I,2113
Moko,2127
Molinari's,2124
Molly's Beachside,2127
Molly's Farmhouse Coffee,2127
MONICA'S RESTAURANT,2113
Monica's Trattoria,2113
Montecristo Mexican Grill,2115
MONTIEN RESTAURANT,2116
Monument Tavern,2129
Moody's Delicatessen & Provisions,2116
MOOGY'S SANDWICH SHOP INC.,2135
Mooncusser Fish House & Moon Bar,2116
MOONSHINE 152,2127
Mooo...,2108
MOOYAH,2111
MORGAN HALL COFFEE CART,2135
Morgan Lewis & Bockius LLP,2110
MORGAN MEMORIAL CAFETERIA,2119
Morning Star Baptist Church,2126
Morton's of Chicago,2210
MORTON'S PIZZERIA,2124
MOTHER ANNA'S,2113
Mother Juice,2108
Mother Juice Inc.,2115
MR. DOOLEYS BOSTON TAVERN,2109
MRS. B'S CAFE,2127
Mt. Olympic Pizza,2136
Mud House,2122
Mulligans,2114
MUL'S DINER,2127
Mumbai Spice,2115
Munch,2210
MURPHY'S LAW,2127
Museum of Fine Arts Bravo Restaurant,2215
Museum of Fine Arts Cafeteria,2115
Museum of Fine Arts New American Cafe,2115
Museum of Fine Arts-Taste D/B/A #19285,2115
Museum of Science,2114
MY COUSIN'S PLACE,2113
MY DINER,2127
My Sisters Crawfish,2122
My Thai Cafe Vegetarian & Bubble Tea Bristro,2111
Myers & Chang,2118
Mythos Pizza,2122
Myung Dong 1st Ave,2134
N.E. Deaconess Hospital Cafe,2215
N.U. Stetson Hall East,2115
N.U. Stetson Hall West,2115
Nahita,2116
NANNING WOK,2127
Napoles,2128
Napper Tandys,2131
Natalie's Pizza,2134
Nathalie Wine Bar,2215
Natif Natal Restaurant,2124
Navarrete Restaurant,2125
NAVY YARD BISTRO & WINE BAR,2129
Nebo Ristorante/Enoteca,2110
Ned Devine's,2109
Neighborhoods,2116
Neponset Cafe,2122
NEPTUNE RESTAURANT,2113
NEW CHINA RESTAURANT,2118
New Dong Khanh Restaurant,2111
NEW ENGLAND AQUARIUM CORP.,2110
NEW ENGLAND BAPTIST,2120
New England Center For Arts & Technology,2118
NEW GARDEN RESTAURANT,2125
NEW GOLDEN GATE RESTAURANT,2111
NEW HO TOY,2127
New Hong Kong,2135
New Jumbo Seafood,2111
New Market Pizza & Grill,2119
New Market Sq. Cafe,2118
New Moon Villa Restaurant,2111
New Saigon Restaurant,2128
NEW SAIGON SANDWICH INC.,2111
New Shanghai,2111
New Sushi,2114
New Sushi @ Allston,2134
New York Fried Chicken,2121
NEW YORK FRIED CHICKEN & PIZZA,2125
New York Pizza,2116
NEW YORK STYLE CHICKEN AND PIZZA,2135
New York Sub Shop,2118
New Yorker Fried Chicken,2136
News Room Cafe,2114
Next Door Cafe,2134
Next Step Soul Food Cafe,2124
Nfarra 2,2128
Nhu Lan Fast Food,2125
NHU LAN Restaurant,2125
Nicholas Sub & Pizza Shop,2131
NICKERSON FIELD (BU),2215
NICK'S,2131
Nick's Pizza & Seafood/Broadway Best Pizza,2127
Nick's Pizza and Seafood,2124
Nicks/Venue,2116
Nico Restaurant,2113
NICOLE'S PIZZA,2118
Night Shift Brewing,2114
NINE ZERO HOTEL,2109
Nino's Pizza,2114
NIXON & PEABODY,2109
NO NAME,2210
No. 1 Chinese Restaurant,2124
No. 9 Park LLC,2108
Noble Roman's Pizza & Tuscano's Subs,2115
Noodle Barn,2130
Noodle Lab,2108
NOODLE STREET RESTAURANT,2215
Noodles King,2115
Noon Mediterranean Grill,2110
North Square Oyster,2113
NORTH STREET GRILLE & CAFE,2113
NORTHEASTERN UNIV. RYDER HALL,2115
Northeastern Univ./International Village,2120
Northeastern Univ/Curry Center,2115
NORTHEASTERN UNIV-716 COLUMBUS,2120
Northeastern University Faculty Club,2120
Northeastern University/Cafe Crossing,2120
Nos Casa Cafe,2119
Nourish Your Soul,2114
Nu Flav Restaurant,2124
Num Pang Sandwich Shop,2199
Nutter  McClennen & Fish LLP,2110
O YA RESTAURANT,2111
Oak & Rowan,2210
Oasis Cafe,2121
Oasis Cafe,2131
OASIS GUEST HOUSE,2115
Oath Craft Pizza,2215
Oath Craft Pizza,2110
O'Brien's Pub,2134
Ocean Prime,2210
ODYSSEY CRUISES,2110
Ogawa Coffee,2108
Oishii Boston,2118
Olitoki,2134
OLIVEIRA'S RESTAURANT,2128
Olympic House of Pizza,2127
OMNI PARKER HOUSE,2108
One Family Diner Inc.,2125
ONLY ONE JAMAICAN RESTAURANT,2124
OPPA SUSHI,2134
Ora,2116
ORIENTAL HOUSE,2130
ORIENTAL HOUSE,2124
ORINOCO:A LATIN KITCHEN,2118
O'Saraceno,2113
Ostra,2116
Our Father's Deli,2134
Our Zone,2135
Outlook Kitchen & Bar (Envoy 1St. Fl),2210
P & R ICE CREAM,2126
P & R Restaurant & Ice Cream Parlor,2119
P.F.CHANG'S CHINA BISTRO,2116
PABU Restaurant,2110
PAD THAI CAFE,2115
PADDY O'S,2118
Pagliuca's Restaurant,2113
Palm  Restaurant  (1 International Place),2110
PAN ASIA RESTAURANT,2127
Panera Bread,2116
Panera Bread,2110
Panera Bread,2215
Panera Bread,2116
Panera Bread,2115
Panera Bread,2125
Panera Bread # 1636,2108
PANIFICIO,2114
Pantry Pizza Kitchen,2125
Panza,2113
PAPA GINO'S,2136
PAPA GINO'S,2129
PAPA GINO'S,2122
PAPA JOHNS PIZZA,2135
Papa Razzi Trattoria Bar,2116
PAPA RINO'S PIZZA,2122
Papagayo,2111
Papa's Pizza Company,2120
PARADISE,2215
PARAMOUNT,2114
Parish Cafe,2116
PARK SQ CAFE,2116
PARKWAY LITTLE LEAGUE STAND,2132
PARLA,2113
Pasta Beach,2110
PASTEUR RESTAURANT I I,2111
Pastoral,2210
PATS PIZZA,2124
Pat's Place,2115
Pauli's,2113
PAV1A,2115
PAVB1,2115
PAVB3,2115
PAVC1,2115
PAVC3,2115
Pavement,2135
Pavement Coffee House,2115
Pavement Coffeehouse,2215
Pavement Coffeehouse,2134
Pavement Coffeehouse,2215
Pavement Coffeehouse,2115
Pavia,2109
Pavillion Restaurant,2215
PEACH FARM RESTAURANT,2111
Peet's Coffee & Tea,2108
Peet's Coffee & Tea,2118
Peet's Coffee & Tea,2108
Peet's Coffee & Tea,2116
Peet's Coffee & Tea(United Terminal BA A34),2128
Peet's Coffee Shop,2115
Pei Wei,2128
PEKING HOUSE,2119
Pellinos Ristorante,2113
Penang,2116
Penguin Pizza,2115
PERKIN'S SQ DELI,2127
Perla Del Sur Quintanilla,2131
Pete's Dockside,2210
Pete's Seafood,2122
PETIT ROBERT BISTRO,2118
PGA Tour Grill,2128
Philadelphia Steak & Hoagie,2109
Pho #1 Brighton,2135
Pho & Banh Mi,2132
PHO 2000,2122
PHO AND I  INC.,2115
Pho Basil,2115
Pho Common,2215
Pho Hoa Restaurant,2122
Pho Le,2122
Pho Viets,2215
Phuket Thai  Restaurant,2132
Piattini,2116
Picco,2116
Piece of Pizza,2136
Pier 6 Restaurant,2129
Pikalo J.P.,2130
Pikalox,2130
Pino's Pizza House,2135
Piperi Restaurant,2108
Pit Stop Barbecue,2126
Pita Kabob,2111
Pita Thyme,2109
Pizza 10,2115
Pizza 24,2122
Pizza Cucinova,2128
Pizza Days,2134
Pizza E.T.C.,2135
Pizza Hut,2136
PIZZA OGGI,2130
Pizza Rail,2135
Pizza Stop,2118
Pizzatalia,2118
Pizzeria 260,2127
Pizzeria Regina,2113
PIZZERIA REGINA OF SO. STATION,2111
Pleasant Cafe,2131
PO6/BO7/PBD,2115
POCKETS BILLIARD CLUB,2128
Poke Bar & Kitchen,2115
Pollo Campero,2128
Pollo Centro,2122
Pollos A La Brasa Beto's,2128
Popeyes,2119
Popeyes,2215
Popeyes,2131
Popover King,2114
PORTER BELLY'S,2135
PORTERS BAR & GRILL,2114
Porto,2116
Post 390,2116
Potato Freaks,2127
Potbelly Sandwich Shop,2110
Potbelly Sandwich Shop,2128
Potbelly Sandwich Shop,2128
Potbelly Sandwich Shop (275 Washington St.),2108
Potluck Cafe,2111
Precinct Kitchen & Bar,2116
Premium Market,2114
PRESIDENT'S SUITE,2467
Pressed Boston,2114
Pressed Juicery,2115
Prestige Cuisine,2124
Pret A Manger,2110
Pret A Manger,2215
Pret A Manger,2116
Pret A Manger,2110
Pret A Manger (185 Franklin St.),2110
Pret-A-Manger,2110
PREZZA,2113
Prieto El Rey De Las Empanadas,2121
Prime Shoppe,2109
PRIMO'S RESTAURANT,2114
Project Place Gatehouse,2118
PROVIDENCE HOUSE SENIOR COMM.,2135
PROVINCE PLACE,2108
Prow/Max Cafe @Emerson,2116
PS Coffee,2131
Pu Pu Restaurant,2132
Publico,2127
PuddingStone Tavern,2120
Pueblo Viejo,2128
Pueblo Viejo Pupuseria & Mexican Grill,2128
Pueblo Viejo's Cafe,2128
PunJab Palace,2134
PUNTO ROJO,2128
Puritan Restaurant,2122
Puro,2116
PURPLE CACTUS,2130
PUSHCART CAFE,2113
Qdoba Mexican Eats,2215
Qdoba Mexican Eats #2207,2115
Qdoba Mexican Eats #2592,2114
QUALITY EATS,2118
QUATTRO RISTORANTE  GRILL & PIZZERIA,2113
Que Arepa En Tertulias Cafe,2128
Quic Pic BBQ,2111
Quincy's Place,2109
RABIA'S RESTAURANT,2113
Rail Stop,2135
Raising Cane's,2215
RAMADA INN,2122
Raphael Caribbean Cuisine,2124
RAW BAR-WALRUS & CARPENTER,2109
Ray & Joan Krok Community Center,2125
Rebecca's Cafe,2111
Rebecca's Cafe,2119
Rebecca's Cafe,2115
Rebecca's Cafe @ Reggie Lewis,2120
Rebecca's Cafe Inc.,2108
Rebel's Guild,2116
Recreo Coffee,2201
Red Barn Coffee Roasters,2110
Red Barn Coffee Roasters,2115
Red Eyed Pig,2132
Red Hat Cafe,2114
Red Lantern,2116
Red Line Pizza and Grill,2127
Red Mango @ Boston Childrens,2115
Red Moon Restuarant,2136
Reelhouse Restaurant,2128
Regal,2126
Regina Pizza of Allston,2134
Regina Pizzeria at Fenway,2215
Regina's (up),2109
Remy's,2128
Renaissance Hotel (Club Lounge),2210
Renaissance Hotel (Employee Cafe),2210
Renaissance Hotel (Lobby Lounge),2210
Renaissance Hotel (Main Kitchen),2210
Renaissance Hotel (Starbucks),2210
Render Coffee,2118
Render Coffee @ 121,2109
Renegades Pub,2128
Residence Inn,2119
Residence Inn by Marriott,2210
RESIDENCE INN BY MARRIOTT BOS,2128
Residence Inn Fenway - Boston,2215
Restaurant Associates @ Amazon,2127
Restaurant Laura,2125
RESTAURANT MONTECRISTO,2128
Restaurant Y Cafeteria Los Nietos,2124
Restaurante Cesaria,2125
REV Bar LL,2116
Rev Cafe,2116
Revival,2109
Revolution Health Kitchen,2115
Rey Del Pollo,2119
RF ROOF,2215
Rhetts West,2215
RHYTHM 'N WRAPS,2215
Ria Cafe,2132
RICCARDO'S RISTORANTE,2113
Richy's,2136
Right Field Inseat,2215
Right Field Pantry,2215
Right Taste Jamaican Restaurant,2126
Rigoletto,2113
Rina's,2113
Rincon Caribeno Restaurant,2136
RINCON LIMENO,2128
Rinconcito Salvadoreno,2128
RINO'S PIZZA,2121
RINO'S PLACE,2128
Ripple Cafe,2124
RISTORANTE EUNO,2113
RISTORANTE FIORE,2113
Ristorante Toscano Inc.,2114
RITZ-CARLTON BOSTON COMMON,2111
River Grille Restaurant & Cafe Inc.,2136
RIVER STREET GRILL,2126
RIVERSIDE CAFE-LEV1,2114
RIZZO'S PIZZA,2130
Roast Beast of Boston,2134
Rocco's Cucina & Bar,2109
RoChambeau,2199
ROCHE BROS. SUPERMARKET,2132
Roche Brothers Supermarket,2110
ROCK BOTTOM REST. & BREWERY,2116
Rock City Pizza,2134
Rod Dee 2 Thai Cuisine,2115
Rodey Pizza & Pasta,2114
ROMANO'S,2131
Rome Pizza,2116
Rompe Dieta Restaurant,2125
Rondo's Sub Shop,2127
Rooftop @ Revere Hotel,2116
Ropes & Gray L L P,2199
Rosa Mexicano,2127
ROSLINDALE HOUSE OF PIZZA,2131
Rosticeria Cancun,2128
Round Two,2130
Row 34,2110
Rox Diner,2132
Roxys Grilled Cheese,2134
Royal Fried Chicken,2119
ROYAL ROAST BEEF & SEAFOOD,2128
Royal Rooters,2115
Royal Tea,2111
Royale,2116
Roza Lyons,2127
RUBY ROOM,2114
RUCKUS NOODLES,2111
Ruka Restobar Nikkei,2111
Rustica House of Pizza,2131
Ruth Mulan Chu Chao Center,2163
Ruth's Chris Steak House,2108
RYO Asian Fusion,2128
S & I TO GO,2134
Sa Pa,2111
Sabor do Brasil,2134
Sabroso Taqueria,2109
Safari African Restaurant,2126
Saigon Chicken House,2122
Saigon Hut,2128
Saigon One Restaurant,2122
Saigon Seafood Restaurant,2122
Saint John's Seminary Bishop Peterson Hall,2135
Sakura Japan,2115
SAKURAABANA INC,2109
Saloniki,2215
Sals Lunch,2113
SAL'S PIZZA,2215
Sal's Pizza/Bakery,2111
SALSAS MEXICAN GRILL,2108
Saltie Girl,2116
Salty Pig,2116
Salty's,2128
Salty's,2128
Salvatore's,2201
Salvatore's,2111
Sama x Edena,2116
SAME OLD PLACE INC.,2130
Sammy Carlo's Delicatessen & Catering Inc.,2128
Samuel Adams Boston Brewery,2130
Samurai Express,2116
Santander Bank Coffee Bar,2125
Santarpio's Cafe Inc.,2128
Santo Domingo Restaurant,2121
Santouka,2115
Sapient Corp. Aramark Coffee Bar,2116
Sarafina,2116
Sarku Japan,2108
Sate Grill,2111
Saturday Afternoon/Ramrod,2215
Saus Boston,2108
Savin Bar And Kitchen,2125
Savin Hill Yacht Club,2125
Savvor Restaurant & Lounge,2111
SBARRO RESTAURANT TRMNL E,2128
Scali Deli Cafe,2110
Scampo,2114
Scholars Restaurant,2108
Schraffts Center Cafe,2129
SCOLA'S CAFE,2210
Scoozi,2215
Scopa,2113
Scorpion Bar Seaport Square,2210
SEAPOINT RESTAURANT,2127
SEAPORT ELITE I I,2210
Seaport Hotel,2210
Sebastians Cafe,2128
Sebastians Cafe,2110
Seiyo,2118
Select Oyster Bar,2115
Seoul,2114
Seoul Soulongtang,2134
Seoul Tteokbokki,2134
Serafina Boston,2110
Seven's Ale House,2114
Shabu Maru,2116
Shabu Zen,2111
Shabu Zen Restaurant,2134
Shake Shack,2116
Shake Shack,2210
Shaking Crab,2116
Shaking Seafood,2131
SHALOH HOUSE,2135
SHANGHAI GATEWAY RESTAURANT,2134
Shannon's Tavern Inc,2127
Shanti Boston,2131
Shawarma Falafel,2108
Shaw's Supermarkets #602,2199
SHEA'S TAVERN,2127
Shed BBQ,2108
Sheesha Lounge,2134
SHENANAGANS BAR,2127
SHERATON BOSTON (APROPOS/R.S./CAFE),2116
SHERATON BOSTON (SIDE BAR),2116
Shin Hakata Ramen,2115
Shojo,2111
Shojo (Space #CB2-A11/35),2128
Shore Leave,2118
Showa Womens Institution,2130
Showplace Icon,2210
SHRINERS' HOSP. FOR CHILDREN,2114
Shun's Kitchen,2118
Siam Bistro,2110
Side Bar Food & Spirits,2108
SIDEWALK CAFE,2127
Silhouette Lounge Inc,2134
Silver Slipper,2119
SILVERTONE BAR & GRILL,2108
Silvio O. Conte Forum East Roof 2A,2135
Silvio O. Conte Forum East Roof 2B,2135
Silvio O. Conte Forum East Roof 2C,2135
Silvio O. Conte Forum East Roof 2D,2135
Silvio O. Conte Forum East Roof 3A,2135
Silvio O. Conte Forum East Roof 3B,2135
Silvio O. Conte Forum Yawkey 4th Fl.,2135
SIMCO'S INC.,2131
SIMCO'S RESTAURANT,2126
Simmons College-Bartol,2115
Simmons College-Meyers Cafe,2115
SIMMONS COLLEGE-THE FENS,2115
Simons IMAX Theater,2110
Simpli Bar n Bites,2130
SINGH'S ROTI SHOP,2125
SIP,2109
Sip Wine Bar & Kitchen,2111
SISSY K'S,2109
Sixth Gear Cask & Kitchen,2127
Slade's Bar & Grill,2120
Slate,2110
Slush King,2128
Smith & Wollensky Atlantic Wharf,2110
Smoke Shop BBQ,2210
Smokey Slushes,2124
Social Register,2210
Society On High,2110
Sodexo @ Bloomberg Boston Pantry,2110
SODEXO @ CABOT CORP.,2210
SODEXO @ FOLEY  HOAG & ELIOT,2110
Sodexo @ Genzyme Allston,2134
Sodexo @ The Club Trmnl E,2128
Sodexo @ The Lounge Trmnl C,2128
SODEXO @ UMASS JAZZMAN,2125
SODEXO @STATE ST. FINANCIAL-EX. DINING,2111
Sodexo FRESHII @ BIDMC,2215
SODEXO U MASS FACULTY CLUB,2125
SODEXO U MASS FOOD COURT,2125
SODEXO Wheelock College Dining Room 2nd Fl.,2215
SODEXO Wheelock College Longfellow Cafe 1st Fl.,2215
SODEXO/JAZZMAN,2111
Sofia Italian Steakhouse,2132
Sojuba,2215
Sol Azteca,2215
Soleil Restaurant,2119
Solid Ground Cafe,2115
Somerset Cafe,2108
Somerset Club,2108
Somtum Modern Thai Cuisine,2132
Sons of Boston,2108
SONSIE,2115
SOPHIA'S GROTTO,2131
Sorella's,2130
Sorelle,2210
Sorelle Cafe,2110
SORELLE CITY SQUARE,2129
SORELLINA RESTAURANT,2116
Soup Shack,2130
SOUPER BOWL,2134
SOUTH BOSTON CHINESE,2127
SOUTH BOSTON YACHT CLUB,2127
South End Buttery(314 Shawmut Ave.),2118
South End Formaggio,2118
South End Pita,2118
South End Pizza & Grill,2118
South of the Clouds,2135
South St. Diner,2111
SOUTHERN BAPTIST CHURCH,2119
Southern Proper,2118
Spagnoulos,2113
SPANGLER STUDENT CENTER,2163
Spaulding Rehabilitation Hospital,2129
SPEEDY CHEN'S CHINESE RESTAURANT,2129
Spicy World,2111
SPIKE'S JUNKYARD DOGS,2134
Spirit of Boston,2210
Sportello,2210
SPORTS CONNECTION BAR & GRILL,2127
Sports Grille,2114
Spring House,2130
Spring Shabu-Shabu,2134
Sprinkle's Ice Cream,2109
SPUKIES PIZZA RESTAURANT,2126
Spyce,2108
SQUEALING PIG,2120
SQUEALING PIG,2132
Squeeze Juice Company,2127
Squeeze Juice Company,2109
SRV,2118
St Botolph Club Inc,2116
St. Elizabeth's Medical Center,2135
St. George Orthodox Church,2132
St. Mary's Ctr. for Women & Children,2125
STALEX RESTAURANT,2124
Stand # 722,2114
Stand # 724,2114
Stand #301,2114
Stand #401,2114
Stand #403,2114
Stand #409,2114
Stand #410,2114
Stand #412,2114
Stand #414,2114
Stand #415,2114
Stand #416,2114
Stand #417,2114
Stand #419,2114
Stand #421,2114
Stand #518,2114
Stand #520,2114
Stand #521,2114
Stand #702,2114
Stand #705,2114
Stand #708,2114
Stand #709,2114
Stand #710,2114
Stand #712,2114
Stand #715,2114
Stand #717,2114
Stand #720,2114
Stand #721,2114
Stand #723,2114
Stand #728,2114
Stand 405,2114
Stand 406,2114
Stand 407,2114
Stand 408,2114
Stand 418,2114
Stand 420,2114
Stand 489,2114
Stand 707,2114
Stand 711,2114
Stand 713,2114
Stand 725,2114
Stand 727,2114
Stand 730,2114
Star Market #3588,2134
Star Markets #2576,2215
Starbucks,2128
Starbucks,2215
Starbucks,2128
Starbucks,2115
Starbucks,2210
STARBUCKS COFFEE,2110
Starbucks Coffee,2129
Starbucks Coffee,2116
Starbucks Coffee,2135
Starbucks Coffee,2135
Starbucks Coffee,2135
Starbucks Coffee,2134
Starbucks Coffee,2115
Starbucks Coffee,2109
Starbucks Coffee,2128
Starbucks Coffee,2210
Starbucks Coffee,2128
Starbucks Coffee,2109
Starbucks Coffee,2116
Starbucks Coffee,2127
Starbucks Coffee # 10599,2111
STARBUCKS COFFEE # 7201,2210
Starbucks Coffee # 7224,2115
Starbucks Coffee # 7234,2115
Starbucks Coffee # 7531,2108
Starbucks Coffee # 7535,2108
Starbucks Coffee # 7544,2116
Starbucks Coffee # 7564,2116
Starbucks Coffee # 7652,2116
Starbucks Coffee # 7804,2115
Starbucks Coffee # 7805,2110
STARBUCKS COFFEE # 7823,2135
Starbucks Coffee # 801,2108
Starbucks Coffee # 822,2116
Starbucks Coffee # 830,2116
STARBUCKS COFFEE # 864,2114
Starbucks Coffee # 869,2110
STARBUCKS COFFEE # 870,2116
Starbucks Coffee # 883,2203
Starbucks Coffee #22253,2134
Starbucks Coffee #22566,2210
Starbucks Coffee #50497,2125
Starbucks Coffee #54759,2111
Starbucks Coffee #7550,2110
Starbucks Coffee #9463,2109
Starbucks Coffee (Rowes Whart),2110
Starbucks Coffee Co.,2110
STARBUCKS COFFEE CO.,2114
Starbucks Coffee Co. #7808,2132
Starbucks Coffee Co. #872,2115
Starbucks Coffee Co. #875,2109
Starbucks Coffee Company,2127
STARBUCKS COFFEE INC.,2118
STARBUCKS COFFEE KIOSK,2110
Starbucks Coffee(E-FC),2128
Starbucks Coffee/Transportation Bldg.,2116
Starbucks Store 17551,2215
Starbucks@Boston Childrens(Sodexo),2115
STASH'S PIZZA,2121
STASH'S ROSLINDALE,2131
State Room,2109
STATE ST/FINANCIAL CENTER(CAFETERIA),2111
State Street Express @MBTA State St. Line,2109
State Street Provisions,2109
State Street Sushi,2109
Stats Bar & Grille,2127
STEFANO'S PIZZA,2124
STELLA,2118
STEPHANIE'S,2128
STEPHANIE'S,2128
STEPHANIE'S ON NEWBURY,2116
Stephi's On Tremont,2118
Sterlings,2109
Steve & Kates Camp @ Winsor Sch.,2215
Steve's Greek Cuisine Inc.,2109
STEVE'S KITCHEN,2134
Stockyard,2134
Stoddard's Fine Food & Ale,2108
Stop & Shop #412,2120
Stop & Shop #413,2136
Stop & Shop Supermarket #075,2130
Stop & Shop/Dunkin Donuts #18,2122
Stop and Taste Pizza Grill,2119
Storyville,2116
Street Food Revolution,2134
STREGA,2113
Strega Waterfront,2210
Strip by Strega,2116
Style Cafe,2129
Su Su Gourmet,2111
Subway,2108
Subway,2127
Subway,2136
Subway,2128
Subway,2122
Subway,2120
Subway,2120
Subway,2134
Subway,2132
Subway,2116
Subway,2134
Subway,2115
Subway,2115
Subway,2115
Subway,2135
Subway,2131
Subway,2122
Subway,2115
Subway,2128
Subway,2120
Subway & Auntie Anne's,2215
Subway (138 Cambridge St.),2114
Subway (76 Summer St.),2110
Suffolk Downs-Legends Turf Club,2128
SUFFOLK DOWNS-PADDUCK,2128
SUFFOLK UNIV. SOMERSET CAFE,2114
SUFFOLK UNIVERSITY CAFE,2108
Suffolk University Law School,2108
Sufra,2115
SUGAR BOWL,2125
SUISHAYA RESTAURANT,2111
Sullivan's,2127
Sullivan's Castle Isl. @ The Milk Bottle,2210
Sullivan's Tap,2114
SULLY'S PUB,2129
sultana's bakery & cafe,2135
Summer Shack,2115
SUN PIZZA,2121
SUN PIZZA.,2124
Sunny Cafe,2128
SUNRISE RESTAURANT,2120
Super Stop & Shop,2125
Super Stop & Shop #89,2134
Supreme House of Pizza,2127
Supreme Pizza,2115
SUSAN BAILIS ASSISTED LIVING,2115
SUSAN'S DELI OF COURSE,2111
Sushi Factory,2134
Sushi Kappo,2115
SUSHI TIME,2108
Sushi Today,2120
Sushiemon,2115
Suya Joint,2119
Sweet Cheeks,2215
Sweet Cheeks/Fool's Errand,2215
Sweet Kingdom,2134
Sweet Kingdom,2111
Sweet Life Bakery and Cafe,2124
Sweet Rice,2129
Sweet Sip,2122
Sweet Waffles & Boba,2111
Sweetgreen,2215
Sweetgreen,2108
Sweetgreen,2110
Sweetgreen,2210
Sweetgreen,2118
Sweetgreen,2210
Sweetgreen,2109
Sweetgreen,2116
Sweetgreen,2199
Sweetgreen,2110
Swissbakers,2114
Swissbakers,2108
Swissbakers,2134
SYMPHONY SUSHI,2115
T D Garden Banner Restaurant,2114
T D Garden Executive Suites Kitchen,2114
T D Garden Legends Club,2114
T D Garden Premium Club,2114
Taco Bell # 29265,2132
TACO MEX,2128
TACOMANIA RESTAURANT,2128
TAIWAN CAFE,2111
Taj Boston,2116
Taj Mahal Cuisine,2115
TALK AND WOK CAFE,2136
TANGIERINO,2129
Tapestry,2215
Taqueria,2124
TAQUERIA EL CARRIZAL,2134
TAQUERIA JALISCO,2128
TARANTA,2113
Tarboosh Pizza & Grill,2134
Target Pizza,2132
Target Store T-1898,2125
TASCA RESTAURANT,2135
Taste of Eden,2124
TASTE OF INDIA,2125
Taste Winebar & Cafe,2111
Tasty BBQ,2108
Tasty Burger,2114
Tasty Burger,2215
Tasty Burger,2115
Tasty Burger Back Bay,2116
Tasty Pot,2134
Tasty Thai,2131
Tatte Bakery & Cafe,2110
Tatte Bakery & Cafe,2215
Tatte Bakery & Cafe,2210
Tatte Bakery & Cafe,2108
Tatte Bakery & Cafe,2115
Tatte Bakery & Cafe,2116
Tatte Bakery & Cafe,2114
Tavern At End Of The World,2129
Tavern Club,2116
Tavern In The Square,2134
Tavern In The Square Restaurant (North Station),2114
Tavern In The Square Restaurant (So. Station),2110
TAVITAS SOUTH STATION,2110
Tavolo,2124
Tawakal Halal Cafe,2128
Taxi Pool Cafeteria,2128
Taxipool Cafeteria,2128
Tea Do/ Ice Age,2111
Tea Moji,2134
TEATRO,2111
Telegraph Hill,2127
Temazcal Cantina,2210
TEN TABLES,2130
Tender Greens,2116
Tenoch Mexican,2109
Teranga,2118
Teriyaki House,2127
Teriyaki House,2215
Terra Restaurant,2199
Terrace Cafe,2135
TERRAMIA RISTORANTE,2113
TGI Fridays,2120
THAI ACCENT,2108
THAI BASIL,2116
THAI DISH RESTAURANT,2215
Thai North Restaurant,2135
Thai Place Restaurant,2134
Thai Spice,2132
Thaitation,2215
The Alley Bar,2108
The Atrium Cafe@Brigham & Womens Faulkner Hosp.,2130
The Avenue Bar & Grill,2134
The Avenue Grille,2127
The Backstage Cafe @Emerson,2116
The Bacon Truck,2129
THE BANSHEE,2125
THE BARKING CRAB,2210
THE BASEBALL TAVERN,2215
The Baupost Group/Cafe Services,2116
The Bebop,2215
The Beehive,2116
THE BELVEDERE CONDOMINIUM,2116
The Berry Twist,2109
The Best Little Restaurant,2111
The Best Sausage Co.  Inc.,2115
THE BLARNEY STONE,2122
The Block,2134
THE BOSTON ICE CREAM FACTORY,2122
The Bostonian Boston - A Millennium Hotel,2109
The Bowery,2124
The Boxer dba Finch,2114
The Brahmin,2116
THE BREAKFAST CLUB,2134
The Broadway Restaurant,2127
The Bullpen,2215
The Butcher Shop,2118
THE CAFE ON NEW CHARDON ST.,2114
THE CATERED AFFAIR @ BOS. PUBLIC LIBRARY(T.O.),2116
The Causeway,2114
THE CHARLES PLAYHOUSE,2116
The Charles River Bistro,2108
The Cheesecake Factory,2199
The Circle Pizza,2135
The Corner Pub of Chinatown,2111
The Corner Restaurant,2129
The Corner Tavern,2115
The Delux Cafe,2116
the dorset,2122
The Draft Bar & Grill,2134
THE ELEPHANT WALK,2118
The Fairmount Grille,2136
THE FIELD HOUSE,2134
The Fourth Wall,2116
The Friendly Toast,2116
The Frogmore,2130
The Gallery Restaurant,2116
THE GALLEY DINER,2127
The Gallows,2118
The Gate Bar & Restaurant,2130
The Ginger Man,2109
The Glenville Stops,2134
The Godfrey Hotel Boston,2111
THE GOOD LIFE,2111
The Greatest Bar,2114
THE GRYPHON HOUSE,2215
The Halal Guys,2116
THE HARP,2114
The Haven,2130
The Hawthorne,2215
THE HILL TAVERN,2114
The Hopewell Bar & Kitchen,2134
THE HUB PUB,2108
The Ice Creamsmith,2124
THE IMPROV ASYLUM,2113
The Industry,2122
The Inn @ St. Botolph,2116
The Juice Box,2127
The Juicery,2113
THE JUNCTION,2127
THE KINSALE IRISH PUB & REST.,2108
The Kitchen Cafe,2111
The Landing,2110
The Lansdowne,2215
THE LAST DROP,2135
The Liberty Hotel,2114
THE LIVING ROOM,2110
The Lounge,2128
THE LOWER DEPTHS,2215
THE MASTER MCGRATH,2136
The Merchant,2110
The Monkey Bar,2109
The Oceanaire Seafood Room,2108
The Old Havana,2130
The Olive Garden Italian Restaurant # 1674,2125
The One Sushi Inc.,2120
The Paint Bar,2116
The Paramount,2127
The Paramount Cafe @Emerson,2111
The Playwright,2127
THE POINT,2108
The Porter Cafe,2132
The Pot Bar,2134
The Pour House,2115
The Q,2111
The Real Deal,2132
The Real Deal,2130
The Reserve,2110
The Restaurant @ Boston Athletic Club,2210
THE SALTY DOG,2109
The Skating Club of Boston,2135
The Square Root,2131
THE TAM,2116
THE TAM,2116
The Tavern At The End Of The World,2129
The Terrace Coffee Bar,2135
The Trophy Room,2116
THE UNION LOUNGE,2125
THE UNITED CLUB,2128
The Upper Crust,2114
The Upper Crust,2118
The West Ender,2114
The Westin Boston Waterfront,2210
The Westin Boston Waterfront/Starbucks,2210
THE WESTIN COPLEY-BAR 10,2116
The Westland,2115
The Wheelhouse,2109
The White Bull,2109
The Wild Rover Tavern,2109
The Wright Grill @ Geo. Wright Golf Course,2136
THEO'S COZY CORNER RESTAURANT,2113
Thinking Cup,2113
Thinking Cup L L C,2111
Thinking Cup Newbury,2116
Thirst Juice Co.,2108
Thompson Island Outward Bound,2128
Thorntons Fenway Grille,2215
Thornton's Restaurant,2115
Three Fins Coffee Roasters,2215
TIA'S WATERFRONT,2110
TICO,2116
Tiger Mama,2215
Tiki Rock/Oisa,2109
Tikkaway Grill,2210
Tikki Masala Indian Restaurant,2130
Tin Tin Buffet,2135
Tip Tap Room,2114
Tipico Restaurant,2128
Toasted Flats,2128
Tom English Bar,2125
Tom English Cottage,2127
Tony & Elaine's,2113
Tony C's Sports Bar & Grill,2215
Tony C's Sports Bar & Grill,2210
Tony's Place,2132
Top Griyo,2124
Top Mix Bar & Kitchen,2119
Top of The Hill,2126
Top Of The Hub,2199
TOPASIO RESTAURANT,2128
Tora Japanese Restaurant,2111
TORO,2118
Tostado,2130
Tostado LLC,2131
Totto Ramen,2134
TOUCHIE'S SHAMROCK PUB,2127
Trade,2110
Tradesman,2110
Trattoria IL Panino,2113
TREMONT CAFETERIA,2111
TREMONT HOUSE OF PIZZA,2120
Tremonte Restaurant,2113
Tres Gatos Cafe,2130
TRESCA,2113
Tri Seafood Restaurant,2122
Triangle Coffee,2210
TRIDENT BOOKSELLERS AND CAFE,2115
Trillium at Farnsworth,2210
Trio Cafe,2210
Triple Eatery,2131
TROPICAL ISLAND RESTAURANT,2124
Troquet On South,2111
T'S PUB,2215
Tsushi Inc.,2115
Tu Metapan Restaurant,2128
Tunnel,2116
Turtle Swamp Brewing,2130
Tuscan Kitchen,2210
Tutti Frutti,2128
Twelve Bens,2122
Twelve Hours,2135
TWIN DONUTS,2134
Two Saints Tavern,2115
Typhoon Restaurant,2116
U Food Grill,2128
Uburger,2215
UD Kitchen,2110
Ueno Sushi,2109
Ugi's Pizza,2120
UGIS SUBS,2119
Ula Cafe`,2130
Umai Japanese Restaurant,2116
UMass Boston Dining Commons,2125
UMass Club,2108
Unchained Pizza,2122
UNI,2215
Unidine Cafe @ RSM,2129
Unidine Cafe Coffee Bar,2129
Unidine Corporation 1st. Fl.,2118
Union Club of Boston,2108
UNION OYSTER HOUSE,2108
Union Park Pizza,2118
UNITED HOUSE OF PRAYER FOR ALL PEOPLE,2121
University Club of Boston,2116
UNIVERSITY GRILL & PIZZA,2215
UNIVERSITY HOUSE OF PIZZA,2115
Uno Chicago Grill,2215
Uno Chicago Grill,2116
Uno Due Go,2110
Uphams House of Pizza,2125
V10,2115
Vaanga,2109
Vaisakhi Indian Kitchen,2135
Vasquez Pizza & Spanish Food,2119
VAUGHN'S FISH N CHIPS,2121
VB,2215
Vee Vee,2130
Vejigamtes Restaurant,2118
VENEZIA RESTAURANT (HARBOR LIGHTS),2122
VENICE PIZZA,2125
Versus,2108
Vertex Pharmaceuticals Cafe,2210
VHP,2215
Victoria Seafood,2215
Victoria's Diner,2118
Viga,2116
Viga,2110
Viga (133 Pearl Street),2110
Viga Italian Eatery,2108
Vikos Pizza & Ribs,2126
Villa Francesca,2113
Villa Mexico Cafe,2109
Villa Sombrero Cafe,2125
Villa Specialties,2128
Village Pizza & Grill,2127
Village Sushi & Grill,2131
VINA ROAST,2122
Vineyard Grille,2128
Vineyard Grille BR-02,2128
Vino Volo,2128
Vino Volo,2128
Vino Volo,2128
Vintage Lounge,2110
VIP Dillion Fieldhouse,2134
Virgin Atlantic Airways Clubhouse,2128
VITO'S,2113
Viva Burrito,2114
VIVA MI AREPA,2132
VOLLE NOLLE,2113
VRF,2215
W Boston Banquet Rooms & Kitchen,2116
W Boston Library Bar,2116
Wabora,2116
Wagamama,2210
Wagamama,2199
Wagamama Restaurant,2109
Wahlburgers,2215
Wahlburgers,2125
Wahlburgers,2128
WAI WAI ICE CREAM SHOP,2111
WAI'S STYLE RESTAURANT,2111
WALLY'S,2118
Ward 8,2114
Warehouse Bar & Grille,2109
WARREN TAVERN,2129
Warrior Arena Concessions,2135
Warrior Arena Snack Bar,2135
Waterstone at The Circle,2135
WBZ Cafe,2134
Well Coffee House Boston,2109
Well Coffee House Boston,2110
Wendy's,2115
Wendy's,2110
Wendy's (Logan Airport T-A),2128
WENDY'S OLD FASHIONED HAMBURERS,2116
WENDY'S PROPERTIES,2131
Wens Rice Noodle & Ramen,2116
Wen's Rice Noodle and Ramen,2111
WENTWORTH BEATTY HALL,2115
WEST,2132
WEST END STROLLERS,2109
West Garden,2132
West Napoli Pizza,2132
WESTBURY RESTAURANT,2132
Westin Copley Place Ingredients,2116
Westin Hotel,2116
WHALING AND OKLAHOMA,2118
Wheels Up Club,2215
Whiskey's Steakhouse & Saloon,2116
Whisky Saigon,2116
WHITE HORSE TAVERN,2134
WHOLE FOODS MARKET,2115
WHOLE FOODS MARKET,2118
WHOLE FOODS MARKET(Cambridge St.),2114
Whole Heart Provisions  LLC,2134
Wichit Sandwich Inc.,2116
Wicked Lobsta,2109
WINDY CITY AT ADAMS VILLAGE,2124
Wing Stop,2128
Wing Stop,2131
Wingit,2134
Wing's Kitchen,2111
Wings Over Boston,2115
Wingz and Tingz,2121
Wingz N Tingz,2136
Wingz Xpress,2135
Wink & Nod,2116
Winsor DimSum Cafe,2111
Wired Puppy,2116
Witch!t,2116
Wm. E. Carter Ameri. Legion Post 16,2126
Woddy's Pizza Inc.,2128
Wok N Talk,2135
Wok 'N Talk,2130
Wolfgang Puck Pizza,2128
WONDER BAR,2134
WONDER SPICE CAFE,2130
Wong's of Boston,2108
WOODY'S GRILL & TAP,2115
WORDEN HALL,2127
WORLD TRADE CENTER,2210
Wyndham Boston Beacon Hill-The Dean's List,2114
Xian Rougamo,2108
Xi'an Street Foods,2134
Y06,2215
Y5,2215
Yale Appliance & Lighting,2125
Yamato II,2116
Yamato Japanese Cuisine,2135
Yanes Burrito's,2130
Yankee Lobster,2210
Yard House,2215
Yawkey Cafe,2118
"YAWKEY CENTER ""COFFEE SOUTH""",2114
YAWKEY CLUB OF ROXBURY,2119
Yellowbird Chicken,2132
Yelus,2121
Yely's Coffee Shop,2130
Yoki Express,2210
YOMA,2134
YONG KONG,2130
Yotel Boston - First Floor,2210
Yotel Boston - Penthouse,2210
YUCATAN TACOS,2132
Yuen Barbeque Restaurant,2122
YUM MEE GARDEN,2118
Yummy Yummy,2119
Yvonnes,2108
Zaz Restaurant,2136
ZC Boston,2118
ZELMA LACEY HOUSE,2129
Zen Restaurant,2108
ZESTO'S PIZZA,2130
Zia Gianna Italian Bakery & Caffe,2124
Ziggy's Coffee Bar,2108
Zo,2109
Zo,2109
Zumas Tex-Mex Grill,2109
Zume's Coffee House,2129
